TrafficDensity,IndustrialEmissions,WindSpeed,Temperature,Pressure,GreenSpace,AirPollution,Wind
350.183952461055,166.85264186210352,86.63664736792401,66.98198631859137,20.37024418558084,,1989.196224048942,86.63664736792401
119.71427743603353,287.0441157943933,86.5904626969346,143.394226550772,14.605060311019033,15.117653220926725,445.35829344061335,86.5904626969346
,215.84893045151983,97.06628584531656,218.4090354329304,12.814920358988957,10.87643389466962,1347.9890301772834,97.06628584531656
260.53660632118533,266.39633076525644,41.08783879474876,110.82017636623952,11.99321977972764,,2381.216129337703,41.08783879474876
437.5925438230254,284.1562573818081,46.89563779025559,91.34772991234912,33.927018063926404,,2924.7863479814646,46.89563779025559
,52.5099419025137,62.02952994001489,186.64766458649467,11.134604600424815,10.659639833859783,1760.159368981443,62.02952994001489
476.7665551327202,219.4115387563193,32.466364082464224,78.56414860024941,22.13448964327806,7.727261406282778,3358.6055867188243,32.466364082464224
153.52954169002595,97.5313885363413,35.54638776399574,68.77134904684672,51.91642818815191,,1656.061959142654,35.54638776399574
,236.33983630905905,53.17165084825983,194.6191025244382,36.154994676601504,,1498.7940780329934,53.17165084825983
,129.6243194440177,30.538297558939306,53.2957054569556,24.083441231399803,9.595607510672693,1592.714315765924,30.538297558939306
491.766202281679,109.94303502757836,83.53270319705854,221.85769439024835,47.63298420904583,10.261292452487416,2869.171516809073,83.53270319705854
112.03605913520228,151.09031484803893,91.04643044818177,209.596866319502,27.96924082255564,4.696974668016996,908.3496798613312,91.04643044818177
167.02294367983131,182.1059528624604,78.42003107864083,213.1550321523948,26.66997604766904,6.414919254360319,1621.086408892581,78.42003107864083
415.0643557286895,197.0397714631829,95.43305151285482,71.20205799842591,51.86501280957171,3.577078671500153,3534.754901015501,95.43305151285482
427.27001311715975,212.7829333642512,57.50643775991744,119.14148953500762,31.745734377362187,14.889077748431005,2815.302187175186,57.50643775991744
426.6381960586265,67.61771393804355,25.071544616403088,219.57914335554543,21.418654451069614,-0.5282347092016231,2352.7926991205304,25.071544616403088
378.30310281618495,92.3451480530677,96.85251674651924,161.93531632633022,35.0552167732029,15.767951716584626,3499.987487757638,96.85251674651924
290.0974273471048,58.74327233337186,90.23120687919786,126.9403949860396,59.39484416119463,,2424.0818753755875,90.23120687919786
327.2219925431537,268.9256941286138,63.824077737325176,233.3071830021233,59.54807654603539,8.489097065086893,3494.365243231666,63.824077737325176
,117.28313119908891,25.289998597767607,73.51672631853225,42.14853280149939,-3.015685439136494,2368.778126046207,25.289998597767607
255.2588421110482,65.41488579474054,74.70751160185996,89.27929291169298,13.6902965784109,8.193447190163548,878.941837351452,74.70751160185996
444.2024557391833,254.69173345858496,59.42121530492861,148.95864528467234,48.56616101981956,9.679079193555904,3061.165463296229,59.42121530492861
383.1421405859127,283.37593315830566,96.67417127596865,56.57467694816592,28.281815556415644,4.947008900355433,2487.5885435169066,96.67417127596865
,114.71983767748524,88.1325439230329,166.44780414498007,48.896206465333975,7.423908030958787,2949.582095011414,88.1325439230329
,156.38172170502202,21.069590163292247,53.17793619270043,43.91650051702257,17.650975994316756,4009.3334550144095,21.069590163292247
185.92961544279456,89.54280581043199,22.79050428511636,116.41600023927458,17.5978955199258,13.324635811508704,884.2475944263088,22.79050428511636
,265.0569058434276,99.60480152524724,123.06574534921172,23.556927886502656,5.377179428109501,2483.045315835174,99.60480152524724
294.3062246345553,101.18317203502744,23.85505716614088,216.809020940843,55.23003613433947,2.01200415202284,2616.7128237438,23.85505716614088
,249.59316998806383,48.87040497475997,73.6144483390712,38.56489895067832,,2769.819528308201,48.87040497475997
481.4198349120009,259.0860142835739,30.56653643839823,164.50206241587696,58.541511817736776,8.93271610324781,3958.027959882743,30.56653643839823
,258.9335505172518,63.62081154929128,217.5533188435041,35.95549266984955,12.480995936816582,3242.2043809257325,63.62081154929128
431.7903505250834,96.35631994215449,58.75231771365998,247.47849600484813,26.8782994149466,7.323416437161705,944.3714986816408,58.75231771365998
473.9793628058882,133.70069482594997,60.89227357944638,138.0488632723235,54.07486882009242,,1892.235507954992,60.89227357944638
120.4457850986667,169.23364380772017,46.65085939631165,144.52007557546472,45.55575305454172,19.675770200301145,1707.8134307737646,46.65085939631165
,210.2923789691244,88.82789961949497,106.1292755261683,40.10816872489215,14.077505112221314,2615.614188883764,88.82789961949497
176.64106075341556,80.69986479672292,97.60211281018576,71.94838939643958,14.023448767197516,9.759557463346136,229.6666417293449,97.60211281018576
378.1544923306517,201.8887231443412,75.36560467270473,234.1186830713941,10.337249228851796,9.084247644733528,284.6766533189775,75.36560467270473
460.9311543974465,95.85014013210574,43.62553898106826,103.70070193192754,57.75443505021921,,3612.529823295009,43.62553898106826
,190.2162728574454,83.85172383016413,212.5176111804836,21.9496038252304,15.903204562260722,1977.961450510957,83.85172383016413
323.9390025041595,205.7638926437731,46.125405334006615,78.36458936856721,41.41379667988284,6.863432770243485,2038.1749915697424,46.125405334006615
451.1847060620885,184.3300535825984,22.407036311418366,86.18729722766878,40.377090688526,,2449.822652064709,22.407036311418366
,224.65553145896448,92.48794273684652,141.84124900289112,22.286751332648866,10.255989509405426,1608.4518887232932,92.48794273684652
,113.09765495593724,46.1918305419899,107.95144027533767,14.078678392729564,7.49107903594234,2376.883429966937,46.1918305419899
136.2718391684872,174.3199024768802,64.49998245563431,187.1299773632503,12.453570274872584,3.137672260579496,869.5380810224435,64.49998245563431
,241.94682621329568,30.548619649799576,155.76642021343707,31.14387069808396,11.61487251808834,3076.350774637286,30.548619649799576
234.9910862584072,75.10635668135788,85.82801684420913,85.67262045790568,42.143942034974856,,342.5794094499872,85.82801684420913
375.3155695642356,204.0271946566972,44.58992382190684,158.14696056535723,20.62254570706104,,1828.3988856913293,44.58992382190684
291.9727915288757,164.11178472150286,32.95077682815118,178.44034693491164,47.44993083688499,7.331998467804166,1946.4252043217296,32.95077682815118
281.31588826268813,73.38197225886327,24.430862442078137,151.15751054994,31.79629855832411,16.10410649406524,1795.708402126678,24.430862442078137
426.0582177897892,143.94050102150197,45.34015773682833,84.35014951255633,42.07107692375634,5.616131093940776,2566.185561243164,45.34015773682833
112.16614889417656,270.775489822909,60.22601887932581,182.95839052582545,27.1684463146062,18.560201420089463,2270.3761545646694,60.22601887932581
189.94687065555416,65.04196909663122,50.57222078390289,215.24768137285125,47.980054355324654,,905.3319726768704,50.57222078390289
124.20042337432436,143.07298673214552,30.48760124170255,107.59719593384384,50.42035271325871,12.173850322784457,2096.3822072794146,30.48760124170255
142.06905982894045,216.27359633572848,54.35122026889363,84.80435745838363,14.088045666228147,,1754.1765091075915,54.35122026889363
,265.1819818341532,97.56903522425306,229.8725042952933,54.90981585252315,,4089.581238019389,97.56903522425306
131.25030599075325,101.493702682426,25.52410435944178,202.02517744881104,34.70210461325342,12.121969689305065,1298.777070286361,25.52410435944178
464.6029991792322,144.98181101787162,44.83785991747511,221.60560204780123,48.95736085184956,16.397593348800793,3389.710270865392,44.83785991747511
421.6068550323419,166.6347270059196,45.87892913782028,180.41171768356668,58.05350183371663,,2252.3969403314422,45.87892913782028
,76.52685423726058,82.74598780818263,159.92980421891747,58.19905908542868,12.513724037454072,1864.9161480701744,82.74598780818263
369.8678676946943,102.85069719386732,47.28916238138743,100.23473260733871,51.23891139470864,-2.4663541016503885,3323.0850429221377,47.28916238138743
344.5290841242072,262.0812800668122,68.49084754766733,119.77048302366518,16.661482274699985,5.17167598238396,2292.219222881355,68.49084754766733
391.4603872904416,222.0694830511129,47.90136183668064,125.81428650431376,45.87606280114866,18.145831824504725,3784.562104933276,47.90136183668064
168.50499633922828,237.8777150463836,91.47255757536074,179.52501067806912,12.47704147123521,7.09108983303973,703.0711215776429,91.47255757536074
357.29866932256425,114.01342685683076,47.37237563175712,81.71048938304801,30.91888535054032,4.130600177955137,2607.565145690921,47.37237563175712
387.6261961250477,291.6168913160552,20.04690193834668,155.7425665203671,38.1692905115617,9.01031135507659,4180.817640493866,20.04690193834668
,157.52757878217088,96.14303689115552,54.179012396969085,30.99555826652727,20.33953169081776,2413.970111294185,96.14303689115552
443.63031001009495,109.38532856482738,21.82606526229462,123.17157234085263,34.16508073868661,0.8415887639698703,2823.759362981152,21.82606526229462
,80.80859080956265,67.44736314217036,224.74705168709943,22.06118731213374,4.743450441803278,1383.8586326582783,67.44736314217036
470.1797425280917,214.4795628210232,30.33972397301926,114.7644875849132,45.87519670135739,17.487158415898133,2382.0569874706616,30.33972397301926
105.2452253597931,94.68567383199678,37.40916127533812,184.9791969136602,42.34748041998488,,2485.5158574955185,37.40916127533812
,272.34206576119817,54.63869912106658,112.73456066278052,15.295284873337463,9.48284387854858,1400.938229262178,54.63869912106658
420.513727386331,88.38692706637045,40.92406325989388,236.07177036751887,12.677174342479724,,2288.010688584529,40.92406325989388
,268.1278344170044,29.718755095892163,215.0237125648081,15.372088625676277,20.4792175090458,1862.916705336968,29.718755095892163
173.8154286180663,200.67817735990812,67.66877426791737,78.85254821884274,39.02760030213432,17.972211958745984,1400.8177450218675,67.66877426791737
,100.67615855511158,73.83734707494091,204.56408859529705,20.98172484965592,13.394734938811164,2396.095201240781,73.83734707494091
208.39713278360503,262.5206431628065,46.59252915491322,82.59177495141199,36.18321333494506,,2113.554948002756,46.59252915491322
191.4918613256217,242.68715119183963,35.37232464469932,194.14478230911791,35.12300739269489,9.754853295809816,3056.3681071679803,35.37232464469932
470.3821393063639,119.43685790173342,39.01718921787074,121.42361798825846,49.76599454713581,,3118.990258219602,39.01718921787074
356.613708582291,119.99086586348142,36.17490809130924,111.1698852980338,30.443484837074177,11.654256523077889,1192.4104041633293,36.17490809130924
,139.71309177867568,65.15333481496536,147.4690493709894,50.693205112332606,17.25500719065668,3722.2141144955954,65.15333481496536
,126.512888883225,34.573262705998275,188.93786466065376,43.42176504664031,,1599.3728763065433,34.573262705998275
250.68074926897685,164.31888916310095,90.38327557035132,207.4711247257808,17.24848991900324,,2146.4010843402007,90.38327557035132
,237.05023527326185,56.44087216313204,243.3621290875148,49.64620953945724,16.882482250097688,3146.2960804486843,56.44087216313204
474.5766598855905,213.5760016240201,99.53930716015029,189.21071975185524,56.44208574132836,11.565660700065775,2675.397054763349,99.53930716015029
375.6070713137351,254.6005707996436,74.03313360797839,119.3674418937434,56.54962036935918,13.435328979294582,3476.802952082058,74.03313360797839
369.9266711893012,72.88735966659291,70.68307721028816,62.33903631030347,12.960773974844606,,3096.2997878062192,70.68307721028816
208.1575286647744,154.15205130846988,68.30618467125957,75.7591035473896,34.653978101908265,4.442098752432244,2286.087463649484,68.30618467125957
244.9770114579148,199.78714580909,44.36262346481102,96.78704469293947,39.529396409149086,9.820872106467686,2326.0713910669024,44.36262346481102
145.11490296946937,184.49854908896685,68.91535189837234,92.31053134934028,19.45607094960408,7.342727243203925,2123.1445675506466,68.91535189837234
,63.179165097046166,64.10451019019754,117.00301930480094,18.2087036044742,2.1607028731727205,1809.9901167754952,64.10451019019754
,261.6621492209799,80.9964695300538,197.9426284867994,43.39044834421977,,3454.321375183726,80.9964695300538
,153.4425419958007,70.1398566696528,68.56099385883402,25.31909712631024,22.55778275792212,1122.2842776276834,70.1398566696528
195.68598055324105,173.5278302788835,81.81842981894789,115.8535376188332,21.44385920740568,0.7996112774712358,1810.2627712929057,81.81842981894789
,147.13644114133805,94.14432609852452,137.91187380391202,27.26746565670227,9.838596944752648,2636.8840936548213,94.14432609852452
191.6131280181756,295.47245404478986,51.724112529489766,227.8021061573038,52.42024625999503,13.202714675373867,2258.1291264225906,51.724112529489766
302.4817614542437,81.96902276396213,46.5429761155987,160.58889123871492,16.205845824147147,10.615391008280906,2509.5979887589738,46.5429761155987
290.9068682472024,66.97042937909691,50.44077231923084,157.92834575961473,33.045272363199565,,1941.011705956964,50.44077231923084
328.9835926565802,158.71670410269778,62.92047649595421,77.08727809546602,45.876378681499816,3.503918182770879,2161.327076224028,62.92047649595421
489.83234930236193,125.83729403077696,69.61713758566162,140.6703559624423,38.738590728115305,11.163933714700818,3572.2346958661574,69.61713758566162
456.84342920267824,69.37515470567607,30.933308034253983,173.91989020591808,58.12144548005463,,3021.5401725528354,30.933308034253983
487.4283257253063,123.19034142165034,58.47345718910256,54.63993429786814,53.60665993887912,,3785.74566026814,58.47345718910256
245.43583549448783,261.8652392714347,61.66544978962152,227.8558813347369,21.72266247420696,15.972961102568654,1909.529369214184,61.66544978962152
374.2576075694693,155.9279099582967,97.94863473548514,165.4903143376111,59.99941826223169,14.791929099210211,3157.570993061446,97.94863473548514
296.57172353411886,148.32123840428602,72.7001737899075,241.59506496571893,39.17170857588539,10.2583048842554,2684.2400407052864,72.7001737899075
,193.9673321744035,69.58435049713144,102.01917584661392,33.87449094572058,11.145373441028513,2010.821900528421,69.58435049713144
400.2831083404501,115.88894109381928,68.09417752824797,66.38468956016987,57.26827899995138,15.371590063577807,1908.2506160385835,68.09417752824797
335.8468307857481,66.40824630774628,53.586210461813415,193.9925340899021,11.346091851383356,11.121698283890414,932.0875419304072,53.586210461813415
,68.60787177330593,57.31179626184972,78.33166464017583,48.6937334375164,14.520087773806573,2632.68103218178,57.31179626184972
408.48073380335103,187.29015714896693,51.36759257652443,191.5563539076205,44.79006401818596,8.51258899563075,2934.987566347325,51.36759257652443
469.2080360684828,271.6904885398112,38.80933907662974,67.84596767121695,44.80287438724864,,3134.7047197086945,38.80933907662974
,53.78970025941635,34.961140902712515,99.2076192806432,48.4791668941325,,1848.004977936528,34.961140902712515
,90.27547838851646,42.55015390188045,89.01864463171228,59.92630889568443,,2574.7987706101503,42.55015390188045
,268.8343296991833,23.55810432360522,246.3986888799091,23.532760295600184,3.64969455643984,536.7037064147316,23.55810432360522
176.7518481742332,69.78952934565692,98.54139338589108,57.43792858519481,11.657725010035731,11.434779271508544,1020.0627070556404,98.54139338589108
,82.52590948446792,84.3377611453163,104.66580158593536,48.78532583574775,5.840225412527744,1921.961444298953,84.3377611453163
151.41576392491294,170.29048571848196,99.39497000174865,189.04978092277327,26.84764040982888,6.808586367357529,1065.836184439138,99.39497000174865
178.5311692403542,152.18114106376768,48.20202286763176,84.12106702823061,22.905183652064245,,1549.6505924902112,48.20202286763176
425.3719764455857,200.24932403246743,28.157556084001044,193.695760317014,17.578731045473766,4.668825340503875,2644.78854945114,28.157556084001044
142.97640060400892,286.3095902944922,80.52141627389605,75.4492320867744,38.86854014931954,20.62385701508481,3486.787918907715,80.52141627389605
,216.2006895885248,25.837236416295468,227.4839219176126,44.853454717978536,16.656695309942016,1764.4427290952672,25.837236416295468
177.023937934375,99.28663785049712,95.17860877683512,109.26280450784084,43.735243298848445,19.601837510721307,2658.9650196247417,95.17860877683512
141.5634800306027,298.8419942488493,25.24511785555886,141.86030467101793,24.36893334507436,3.8855249022221807,2481.2734868118446,25.24511785555886
372.7986100112545,216.625207077214,71.87018502082924,230.69310596091185,19.1610266747182,,1863.9733563886773,71.87018502082924
,200.45782660226416,91.88633372406268,201.6212343482322,50.91930161216987,3.5324618739795213,3486.4896275243377,91.88633372406268
408.8259349832233,165.6510992655193,61.13025926509395,247.51919274453704,41.452949592111736,6.52152561401468,2599.009937160085,61.13025926509395
329.1568845494975,70.03609589680988,79.45787458235937,156.24640690709884,14.902990162542494,5.409365082917126,1792.218768704484,79.45787458235937
172.79409363100274,213.4135014085097,77.21016784304618,189.746947848,19.66532401526304,,2560.828080572692,77.21016784304618
155.7077666974626,213.26169952594307,75.41680280589708,130.32850314044822,10.757079861876209,8.0188516094912,1737.5037316171122,75.41680280589708
497.2191477875237,115.6246879725629,35.75792817338693,190.55243845827653,22.28758701589597,15.34189666847008,2865.0864593409647,35.75792817338693
295.7010789689737,186.94551477754823,56.867097865979645,190.01617769860303,40.34023994860389,13.02060444794259,2260.4569651362026,56.867097865979645
,243.8487942650045,75.09538406751972,101.36136025367932,30.46810830026812,21.518193760523943,1661.981488785275,75.09538406751972
411.1568758117079,186.89012096682663,51.17329733512653,240.3714328043293,26.949287287633982,,2451.1879602368435,51.17329733512653
452.05385306652687,264.78574490505,42.70794606214452,69.42100096160254,56.07720918414381,16.296166198933996,4377.799734191771,42.70794606214452
364.9539314385488,255.90325337344416,78.1900799413173,79.54722512176372,32.775152044806745,15.732204352003638,1834.8602381657447,78.1900799413173
,175.40805681513007,66.91607187797189,116.43906335471868,24.53395857636952,5.133105809864827,871.5398995830461,66.91607187797189
370.7188271916978,195.268637623863,90.2491125330442,131.35568597852313,51.633934799946985,15.0356666823658,3154.2783457753185,90.2491125330442
292.4837513026536,71.28852473297499,85.50805203722558,71.53950037206954,20.968414128722145,11.680724815131144,1120.3412535177508,85.50805203722558
,209.40152522084173,45.51057168280138,212.9339640942571,30.81136097429442,8.86261870023296,1604.0482900870638,45.51057168280138
,154.85291243048914,85.48493218434984,234.20616756183423,12.388910715120268,5.880322565140002,1679.130223167581,85.48493218434984
111.28716691161571,141.9339280201174,57.98692930663519,202.0979660180924,57.87888508965541,6.404452742754071,1389.1996578811063,57.98692930663519
,296.72638585291656,43.27629906220538,91.08434425996194,46.733693122226654,,1776.1021410074486,43.27629906220538
,134.11565699582235,91.44984615242048,243.0659466547033,29.922306035008795,10.003414094787413,2889.8027525138305,91.44984615242048
301.10059764304583,255.4910082825621,54.61502242968771,133.43863298330206,45.17200438970347,,2058.4459947532823,54.61502242968771
379.6486760732921,59.732420632636206,79.4749773038909,50.912496761738026,24.278791796437886,,1100.3295485713552,79.4749773038909
386.06380224901295,262.8343180617218,22.96584998099361,78.86078123249212,22.04973587390345,6.100735268891806,2195.4979955405424,22.96584998099361
485.24522105818687,196.3439690682441,61.31634826240602,145.7108621912821,54.87420179667628,15.40992404624971,3990.990814504909,61.31634826240602
,278.66258298033904,35.520596017987344,237.27181814267152,34.307276789661614,,2362.9103147776623,35.520596017987344
298.92839070845537,50.78143703851316,55.98187662749906,83.72529712285802,34.55547222044721,7.923931160473643,1738.604567054543,55.98187662749906
479.40849950000427,174.45124741718934,96.52699737161448,130.20429836455787,41.53596148922294,10.17013705536116,3166.021582066363,96.52699737161448
,151.15374566998906,49.34788995247821,227.01340058808665,13.353756871516396,10.556863009200262,1015.5753840192974,49.34788995247821
136.6936456133385,283.2308806528931,23.887732623467443,231.2285430353288,18.62468400633894,,1991.9222652716555,23.887732623467443
404.175243733211,112.50988240020556,51.8710543882935,68.07463611268153,25.13953090451816,11.979098905479615,2536.521802628613,51.8710543882935
442.0420511635108,247.52360172610355,34.46489124585679,116.15994741238433,24.283668213250124,13.464278779089058,2532.7633194902364,34.46489124585679
304.2188958889748,75.48642763982156,29.26348293212737,84.14264013664891,36.91419280934405,13.67318772729665,2764.5671279614835,29.26348293212737
105.73981835575972,248.7150898794982,81.7536182440854,74.20421994354655,13.950273945171205,5.070980956660867,703.305314341685,81.7536182440854
403.1778913953999,252.3280698340833,83.03641280734186,135.64552959033557,25.27022863733573,8.579224510356013,3360.591731181919,83.03641280734186
,290.86258303797626,51.12152089192066,146.51072964899174,23.55094691720918,15.97381430938469,2252.6945020179214,51.12152089192066
,181.98326372250017,67.11772241546362,163.91451793580197,16.91545481063274,,1376.506951542609,67.11772241546362
,158.7897166843459,32.81109577066238,186.6106824417761,46.29642053289045,,2951.0315073193447,32.81109577066238
208.71346055525612,283.5728401429119,27.99815012815911,163.08080782825766,19.64645480666485,11.757399501761007,1902.0749449537896,27.99815012815911
352.8867469122987,106.11809582624736,71.72628965578255,95.22406885396872,50.2379698521754,0.1088737531259482,3474.4527823876983,71.72628965578255
247.0776677625682,186.6777913129931,81.05035528204144,129.61531379697368,42.73290238775561,10.234674510301849,1766.4091901490951,81.05035528204144
246.58811569564213,168.90243266810498,37.557958780491056,71.4953420090308,43.21947728650787,19.488835083729885,1917.4115502438044,37.557958780491056
285.6901263700966,189.80931326544297,78.01551715614912,161.32399712416247,11.073726580542974,5.2605364136550685,2382.456475232086,78.01551715614912
,199.8092347811685,34.190854518905724,128.5820842562492,17.17313881260366,5.82838477254209,2188.698355839936,34.190854518905724
,160.08991717294552,66.10093970809898,123.73848938160224,24.94150692048701,,2160.0889017767195,66.10093970809898
,261.1899385173219,46.596008056682365,131.66056753873488,23.64716191923049,2.28599242395177,3579.7925834211965,46.596008056682365
,254.5179673761822,92.35717489322654,109.47324538289672,31.896360279871445,6.836224850574805,2689.865328603696,92.35717489322654
483.6899433780944,84.55359474662066,50.09125402587416,202.5133063250388,12.645466644574045,12.982205687908763,2597.794575360931,50.09125402587416
263.64282272470325,63.47113446659182,63.85858570102167,147.52724449084187,35.18706235588192,,1255.2188504169217,63.85858570102167
228.97425526308703,206.67267093006177,53.07132294596207,229.15503943833048,40.97411450650527,,2813.7215209089804,53.07132294596207
493.3648684288576,232.3138317141116,86.55886338041093,173.09773447103748,51.84823315342045,13.720928551575174,3720.548118713789,86.55886338041093
295.1627766802876,139.00011419024605,41.05010040446543,152.46658627574712,20.689717386947105,12.107730417682806,2179.919652996449,41.05010040446543
409.4016899208248,197.81645722547592,30.97623379654172,119.5551480909055,23.277803396220428,11.334091981477007,2120.672021923863,30.97623379654172
241.9308838362201,293.6534110849138,82.66081599273795,59.8937894827593,40.782248073793255,8.304388603649807,1638.3353674769432,82.66081599273795
,260.9618506584524,92.34283555838708,129.86978669032882,58.74032930203853,11.850305576344777,3937.918124731699,92.34283555838708
,121.0069427881506,98.10891311629308,101.28121676468804,18.050133614099465,9.381336599501218,300.2548705734671,98.10891311629308
345.30586147978505,135.26901452246216,48.64227996453872,148.74678810095946,59.42910082729632,12.289028049628923,2834.583493578804,48.64227996453872
125.3080045053062,293.2260018741291,51.43247711289754,123.17919372473374,24.81501101854745,,2402.841815693858,51.43247711289754
,244.50695951676263,56.2642069828744,235.81355677324527,11.487144513697146,9.087155128102294,2575.4575610229585,56.2642069828744
363.5734595798966,242.2313008529821,81.44423231072196,199.1216838316306,38.11693359258983,5.05021103723993,4012.103201563335,81.44423231072196
454.61059150376434,132.0268141003179,68.72752032755884,177.62938135897227,48.25132975020236,,3723.49714448778,68.72752032755884
130.1225526885749,295.07236556140896,52.44189318510615,155.5013289986973,24.75644949783092,,1465.6842706073858,52.44189318510615
149.06425864760757,273.9728545038565,60.258651291266446,240.87025089952328,19.143592899220742,4.429767749190034,1741.52303695366,60.258651291266446
396.82334891393776,100.02097865670264,20.977158382809023,221.9951804893365,32.67848419610763,11.29330573927694,2407.7957120565147,20.977158382809023
,255.36383448641652,89.08481979546136,194.63713844173884,11.648236237192693,11.0636988792883,833.8038984289823,89.08481979546136
,136.81347303703132,44.3884356761925,55.69346181978986,57.416563917101946,13.914368674742862,1829.148932963268,44.3884356761925
277.9196753602151,240.4543047383184,67.65449855165663,183.73059857938983,34.76022008477359,7.844372152124505,2126.7024769496143,67.65449855165663
288.1397686575974,275.1396518101637,65.74403080595081,153.5917883775835,24.0773026338725,12.04026423418378,1102.7525374565237,65.74403080595081
403.2590836398193,239.20695225013648,42.5921787473459,210.7804574523214,16.86797644254105,12.753987861368316,2467.1351474652665,42.5921787473459
462.75889287764033,119.4332670360852,44.60510789405043,127.84398578484635,51.0372194046105,,3022.337435104845,44.60510789405043
141.11369681866933,86.07588297342858,20.699520503824942,193.8633568968052,19.99982591181593,5.87173158598929,208.4507602201868,20.699520503824942
139.83277713466782,92.44503385825207,89.72845684366999,208.60148431231465,32.364646214072735,10.746817411355943,1776.676908193369,89.72845684366999
,200.7041175953863,91.67122804926667,146.68547431080418,40.17231590050184,11.820701480273309,2814.7146799430207,91.67122804926667
364.3880835805197,132.97871585733847,42.05289462970071,248.89884016791584,53.41424857104532,10.03589233453971,3069.5389185836475,42.05289462970071
,248.7539261460448,53.72904663948727,248.4671934701549,16.73521205455438,-0.4323882918554229,2120.6499753595795,53.72904663948727
,226.71306743474668,78.06714667521553,206.18623817962845,52.13633959101424,10.8024481198674,2983.0993396367594,78.06714667521553
141.15589601896914,75.91604536972005,93.64645048088109,242.65572749983576,44.51060703954504,21.06265519698621,2205.80076123738,93.64645048088109
145.16543029395308,296.749519122316,93.14734003228556,228.39484917386173,45.49772340187816,8.199803656215087,2616.6713915084606,93.14734003228556
188.04978165695047,278.622867286383,28.46473002687054,182.22787013224968,16.429298290457282,6.359614510723395,1307.6161063074412,28.46473002687054
243.1873415382849,248.0284362134932,84.65061402250056,89.48286408403743,26.3648502895551,11.866742798556992,2321.595455552186,84.65061402250056
,293.36694903154506,74.13027503075834,135.59027132613983,20.165930140431385,11.56189105233286,3599.097053997977,74.13027503075834
435.3485143621545,254.64114122755063,81.86748782184097,147.46645480871672,47.47660506037505,15.963675827082072,2996.6537214880505,81.86748782184097
140.5783245891683,154.23960975757694,71.600295533445,191.30223535837567,28.756295019650054,3.710659220455561,2872.08422891934,71.600295533445
257.42837613616405,194.6438623518755,94.44609258031252,63.649256113436735,31.41270084281257,13.656901262874962,1870.733867892105,94.44609258031252
496.32117935334816,76.8320722307563,58.47521672733837,170.59699175256168,18.358481160586443,,2373.3448418431685,58.47521672733837
,95.6391095653898,94.5909949126228,232.5814466408457,14.695646975936974,9.28926731529727,1784.1241143233715,94.5909949126228
,214.54566207553103,35.97147937421107,126.58669677643974,59.39216142613066,11.69343658960845,2995.677418822401,35.97147937421107
,235.1441416421769,81.30303344716536,227.2323213046797,26.299004047060365,15.147287407991788,1940.1475139983645,81.30303344716536
435.67677943300055,205.07689795818328,56.79904683163915,180.9553714396616,57.40821004401355,14.361576900142252,3142.588846369603,56.79904683163915
280.5064842533656,152.42626437129806,29.59367299508333,148.5176122564382,32.55706674613221,4.284903439631357,1523.9269087081127,29.59367299508333
,232.9840897942809,47.92981047622447,75.15549506296483,45.61836354781609,14.100790933777422,2609.7416710132725,47.92981047622447
239.21549619895976,143.9627730377165,57.363377075893176,151.29068393197628,44.661170023892936,,2915.229850180965,57.363377075893176
,197.6470869521899,74.05329975076995,109.54824679366716,42.35207482738217,10.364370490077578,3375.0464568578363,74.05329975076995
,161.98820478700495,73.35984695534417,51.436632200185926,28.935377547519494,10.365984955008472,469.1932340649164,73.35984695534417
405.10036500128,190.96836771617083,46.44104358414479,223.70217602040367,43.29750171656154,9.2487850560087,4200.635168508779,46.44104358414479
369.8401207362929,226.38356011452052,20.4688511023066,195.0536948960961,23.365047470485983,15.958537485535324,2629.986173947272,20.4688511023066
,62.88667325946082,47.05286481204971,171.08478488047072,39.77363072130652,9.58141020075394,1383.006990576894,47.05286481204971
,109.09855146005978,55.37732661039801,165.63436429223373,56.58233998450207,4.4022693580841565,2619.900597245066,55.37732661039801
160.31063580232882,264.97170605838687,41.54795918086031,167.79578494689085,20.812007875794635,8.032350720151356,1886.493858482044,41.54795918086031
,82.88300602552181,62.78355101730255,68.47779948868902,45.7120837703647,10.893473584052378,1772.1234468286211,62.78355101730255
272.67655866581134,178.1422004376216,95.1886125919372,107.19347110662872,38.36165602003687,16.146073921485254,2485.875641551504,95.1886125919372
462.530092868763,76.36194327647715,55.01625472976721,128.41895718185924,25.72780583890492,13.015473424744169,2057.4913360007213,55.01625472976721
,100.0361860131712,23.38997723956959,188.1254564274436,43.3771921425644,5.74732360626478,2311.816818024829,23.38997723956959
393.91905292730985,193.69662388269165,85.97576461138723,85.24192315574106,57.17071719266422,22.425949583394456,2879.806112799676,85.97576461138723
,294.3826729199707,44.79960873434674,58.98789770300221,41.30394764935932,11.323876554889898,2336.0032192785584,44.79960873434674
,232.83066015376343,83.92530490727549,85.76034348995469,12.77757086528483,16.376953689995073,1412.2895817131864,83.92530490727549
,164.59144633478326,57.1337852421535,249.68697896170545,27.91328013507209,9.241427832113857,2658.7956648437257,57.1337852421535
143.18137792915468,141.63044504346317,92.26588402826243,122.7197259633186,26.42604256663965,12.666796223527246,1838.8001083882912,92.26588402826243
247.54454960109484,235.52807864169944,63.97032509934519,239.77292371157984,28.385892318118007,14.197342522592024,2679.1797405104016,63.97032509934519
,265.16098148179395,39.50693368838032,198.4785559332556,50.05039305202816,16.09097355877128,2780.8552294938268,39.50693368838032
,91.26744080017522,72.19427806088143,238.09505993044567,39.08330679488599,15.286841526891124,1920.28301447942,72.19427806088143
269.2384461494564,53.89945482411196,46.80706204102256,129.24090941012247,22.453010081834087,,2126.06281563782,46.80706204102256
302.99292247245444,168.57745442432855,36.36400313682167,112.68201730147864,54.93135512234204,8.424566344029458,2044.108417505422,36.36400313682167
421.9028048807822,257.0801785379241,25.825774441643787,227.102472386819,46.10736119551439,7.1412697902196935,2740.867219027426,25.825774441643787
211.0191538953979,231.92316837015773,81.22863345156372,173.23222339100408,46.18404457670732,11.663037551620988,1919.7387494075151,81.22863345156372
387.69105502365767,295.40233086313333,68.05472673525534,158.75269820889162,38.3990536202747,14.665640361705346,3723.74585640135,68.05472673525534
,71.42529835987526,87.8067189335666,176.1893956478167,10.981562952890748,8.886396496116966,2699.9907735312,87.8067189335666
241.81108163713287,270.5622292774647,20.601319827329988,225.7949999029614,56.6248726658089,,3260.6806554876257,20.601319827329988
429.1557282371804,155.8708811214366,25.839922566056373,166.21044196250492,34.06495028097025,,3374.762531185628,25.839922566056373
,231.4861948281985,56.80342957755524,99.76439043831638,51.03176589938948,5.418395404632902,1794.2135293537165,56.80342957755524
,161.45549937105164,32.637336449886305,235.7984670933489,11.466172729512792,5.815396481018601,1334.3983737327287,32.637336449886305
,137.14490291203396,58.32336181823663,233.9639971836193,54.33482476362679,9.298124705473318,2109.341629223453,58.32336181823663
351.9365198978222,92.5645490731996,50.11314495977922,179.04574163280316,39.81994988192044,11.538063340945982,2950.1364595291934,50.11314495977922
493.81735338845306,248.3946820598492,92.87004543071868,61.65485767621499,23.105750758269693,7.377164931164746,2858.153872507757,92.87004543071868
128.67257496490987,297.2510428353799,39.578366360255366,116.2854706554172,24.772278598627736,16.76101339433572,1628.4058024558642,39.578366360255366
,265.77859248279816,89.78292130918122,114.26600866548704,38.86356815530338,12.120334307592255,3131.4060730111864,89.78292130918122
,74.99533953797373,33.914589579797735,177.616001832427,42.67379160236409,10.197235241203698,2180.3831532269805,33.914589579797735
,81.5274806093712,37.43775298636913,131.26784175829232,40.11938107235648,2.820452380657362,1211.5784387047493,37.43775298636913
158.796217813056,150.64672445742292,43.30042418056188,247.9737631944513,46.786186842068034,,2079.662564839708,43.30042418056188
382.22044317216574,149.87078489158665,97.10716955801902,122.78079071809157,49.73335306466001,11.405046251409033,2312.470072424156,97.10716955801902
345.9609085592299,133.74083136343614,75.74973152437371,67.34261048475264,35.8480151220555,-0.6629781307741816,934.7311013382832,75.74973152437371
159.54533139325724,256.1571803441376,78.95099440713257,127.48530633103616,46.57331219661963,15.063187048220358,2518.687097429974,78.95099440713257
373.2311979374889,71.39701351876005,71.18908740227847,75.260281306731,45.62691675513749,9.209230778138398,2967.774142119331,71.18908740227847
432.202901325563,195.3073687769817,92.98858025889292,105.20538890678124,27.162196826272144,26.215464847973667,2833.1147663136035,92.98858025889292
,204.2153679376256,25.04337415751497,225.88831671926195,11.573133415005389,21.539581253080552,613.7230812107473,25.04337415751497
,170.2705736792906,55.6958207430099,69.50933854283164,29.818139972031247,9.092754653762416,1421.503897330319,55.6958207430099
,288.25850830623625,75.55805514735812,236.711231128845,56.15102664675169,9.468314987343426,1604.4644590870182,75.55805514735812
,258.42915781098014,68.24147863405733,143.20650549044723,56.22081930729665,14.97790757001015,3849.816682043037,68.24147863405733
461.1294024916926,115.49159589340738,64.22379675961315,221.57257524130847,12.428838957721702,,1538.7555020561458,64.22379675961315
253.9971093203321,279.3003330187184,51.952453331150615,247.6586778538192,45.13546048463332,1.8098547128199165,3499.3297486314395,51.952453331150615
103.9784599582947,149.21197263340295,58.74564578428018,165.5931479744722,55.39665069587623,1.0681226732265667,2708.837143575783,58.74564578428018
443.9663939053904,238.66272257966972,26.44864214284661,190.9918584691688,30.047770642480923,6.889825972228093,2364.715144783822,26.44864214284661
,202.67609648950588,60.24292136753358,152.7999012404794,28.81756108548669,12.91368791586932,1583.0651896835045,60.24292136753358
149.05077122881784,227.82656580732504,20.627358814135,134.56002265308985,27.57475899406559,12.484367952537983,2021.4954545412008,20.627358814135
203.69255289831824,211.0818208837627,31.88600338039234,241.2521855382105,46.62989860712294,15.34885727491925,1921.628639108672,31.88600338039234
221.1937036018928,120.23852370393864,83.31915885141314,225.39934097525088,59.24446578927625,4.001512358173459,2619.3050362739004,83.31915885141314
219.0063664051563,225.71957109420623,25.5523828284867,138.2715207099149,11.749231527276407,-1.5807193148443837,1358.0987214296474,25.5523828284867
356.2035395120979,158.3988399257757,90.69068816916192,181.36652936546835,47.45534771544487,14.290070976510728,1756.4575463474691,90.69068816916192
382.5632622942027,180.9873994502251,34.60402332070467,104.1653024901104,26.198685597372624,5.859018635173827,1106.0673987755367,34.60402332070467
176.25553780859457,134.08220865933797,69.5501365218736,119.54167028161206,24.668506506064524,-0.0924393219431891,1714.0140036778057,69.5501365218736
175.9546421283277,65.79256516881051,29.762054364394444,80.87912740201864,29.499629146025715,10.725318729796909,1176.4417900443702,29.762054364394444
153.1710725679585,116.85697569743743,30.555464791403978,111.50143466615496,44.35463028931759,13.965878441093388,1613.3073481986005,30.555464791403978
134.7037789774115,246.2649053523108,35.5259679905903,164.01378452197036,46.44518731179672,,2701.556079225627,35.5259679905903
295.4630404556249,292.2042162346788,36.79756509543509,115.40667552111351,30.116585864864845,7.710758069087554,3250.505733983846,36.79756509543509
299.39348212512016,234.4339889250437,75.62566887215674,194.9237651489163,16.695218319415424,9.203188839270467,1904.7632344913268,75.62566887215674
180.68192841329,151.2305173249363,93.52645735589982,188.73730024435747,12.66331355383022,8.147086187996086,1134.8645680823524,93.52645735589982
240.014427688894,287.14354662893743,67.76158569878709,92.20296801584136,54.70470977981212,3.259764440299165,3259.040194404004,67.76158569878709
,175.90843819969092,86.11803880107931,160.71609671968355,52.25856937011401,6.426596615047841,1712.5807225017938,86.11803880107931
181.6829322255596,150.7892877707777,44.40391288780306,90.3239318963295,12.763187060846017,12.606399525069072,1477.8245559177708,44.40391288780306
,216.4390272957598,72.31202187697716,85.51552526634433,23.17323858326037,11.6083927068825,1984.440656501463,72.31202187697716
364.8019372593857,107.27194906354453,21.951183931206813,78.48753246774325,15.850308758511346,10.8402990298341,2334.356693166843,21.951183931206813
349.7668189440224,273.35043671655706,48.72223381237344,66.67295283175855,49.86836829323284,5.024257590733103,2011.910949373722,48.72223381237344
462.4072240636524,281.2155545660478,34.20155490925113,163.80295589734075,30.620706444529908,9.092484189321665,2640.171058372631,34.20155490925113
268.6879436015304,117.95281094909916,89.39802618065212,186.22663633577224,24.94302027912632,-0.8853252322142744,1328.6291530918493,89.39802618065212
,176.12717094845038,31.0388414181902,133.56025068117722,25.99440572765137,10.89238331942695,2836.454185034059,31.0388414181902
313.7607927470159,127.899400893066,26.179424758928448,175.7655153124745,39.59241545666509,17.144288539067837,2690.37221202855,26.179424758928448
,191.29316534906343,61.03504649448513,129.7851666399534,59.23025541543458,2.629339339789471,3857.2774730936208,61.03504649448513
385.3834991486863,238.3994916902233,51.49976497992181,108.88282747123507,30.853697159786844,7.070361633411224,2428.345665442964,51.49976497992181
,95.22442058145006,38.81521592776036,112.31899630157264,47.34492304101956,11.645533893550647,2038.6522782360207,38.81521592776036
487.7999000243802,100.1460302577552,86.01290981916699,175.08942259597575,37.48728769285548,16.264213172137417,3555.899345427468,86.01290981916699
,126.32588228639332,59.79471388292461,216.62795966024945,12.120949245809136,,2471.256239737742,59.79471388292461
170.9597757361367,231.9637156925093,68.10695777821495,163.8941323075585,40.048234117878266,6.538748353670519,2969.362029532381,68.10695777821495
355.9237434354949,152.4423332827282,88.29008062702007,221.48117118361824,18.009919666778664,0.1553842879195848,2245.2198210194174,88.29008062702007
449.1757949392461,209.75652576499328,70.59724621667749,71.98059296323834,50.57296971253744,,2663.594593944392,70.59724621667749
291.10269597807826,277.10448166834146,94.54621524916053,180.82450785242847,26.37697509874856,,1597.478631432018,94.54621524916053
192.00257876055565,70.67160613443932,97.93504744404105,219.10805055533524,11.149652278052828,11.38679230982338,191.4560618648386,97.93504744404105
,265.79534227025965,89.18669686761417,244.91044801884985,54.90534495635316,9.888605104081432,3893.9955514979074,89.18669686761417
,62.44066154479938,22.950791072866096,120.83552274270316,59.5840028886404,11.610411553834927,3224.2169051253327,22.950791072866096
465.8610140024928,188.49855676051104,56.03763712839864,122.61953650905136,38.32086036836928,9.94453998025699,4160.512344902916,56.03763712839864
479.3273115325569,253.7167677903451,22.7342271077424,181.8791666837417,55.36872584743164,5.934928138699351,4204.829477824361,22.7342271077424
287.4581473727408,164.52476315541043,65.40016973358945,235.6576222304698,22.580782516188435,14.116399578388528,2683.797271012629,65.40016973358945
,81.76354103089793,75.05470935317923,168.0742210209536,14.272566807572057,11.128807615558772,1194.3021659907702,75.05470935317923
,116.94377839760968,59.50865097278047,187.7565009873213,38.29895136456206,10.088066259668286,1412.4678297037228,59.50865097278047
209.56346651093537,98.35971303463756,64.83906490936718,114.57587205299814,47.06441789222795,5.123169863608751,2664.745058086932,64.83906490936718
109.65916821498617,135.30415832232066,91.54682525906048,128.84415010946194,38.27983404966951,16.517539659673794,1945.766701986597,91.54682525906048
,126.9308588705369,48.73389482478351,177.08125436049198,23.82760910749996,13.32351372666555,2000.7016975528584,48.73389482478351
370.8174108235016,87.70108710867018,82.71694539923203,206.421489149002,59.54729192098145,,3218.6773183976456,82.71694539923203
181.9255220925185,237.5829977852036,50.43296360817364,52.39280676888163,30.527300525765146,15.009124268409684,2217.1146717536644,50.43296360817364
,177.64375908921488,47.98391260814773,159.19967576077704,29.335415755631047,7.512145808073964,3314.9817976273725,47.98391260814773
324.4114317177456,244.69763954509943,87.83801174970816,112.34515284395258,28.115587655203225,6.089982537444815,3243.5635368823578,87.83801174970816
468.6174474630936,53.082998000838245,95.09202983114656,221.88940648432785,47.89889600095614,6.201484412598565,3260.628027404893,95.09202983114656
489.859702633817,63.98516507834668,37.53907311452481,152.88206006812044,24.297363831093666,1.1446572345595438,2953.1987539816123,37.53907311452481
,290.1432971578735,63.21596609845439,244.4926560261069,55.43042568341118,12.35771190209103,2868.383231904425,63.21596609845439
165.60795179511769,123.60620687107787,95.34689635956194,148.90897641791005,50.03648317665996,0.8442756083082497,1871.014034851038,95.34689635956194
,68.68792064608354,20.410694626418632,57.19651857645954,16.126497667275906,3.857780843671187,1796.033712086778,20.410694626418632
336.41882223429207,254.8561637181666,95.37755512029068,173.15865740283994,23.063842463671683,,1571.834657911878,95.37755512029068
430.6822719716617,158.01369236184263,44.397181691315744,242.2007974850177,59.312722299432735,9.569651536045535,4006.109682943973,44.397181691315744
,71.12792560298954,21.30568597892692,243.8088418161313,47.58118698150999,9.24839769864064,2152.1069317735232,21.30568597892692
399.9028407341619,291.5135053535503,80.86559166272595,172.4026480106261,49.279675850341775,8.36651893406818,3550.22999128612,80.86559166272595
,125.64493318829004,88.62005050502431,217.9950127073612,46.45968359815137,4.787111526647118,1946.692770506148,88.62005050502431
214.16163091997504,225.6627481568623,90.28920484620568,245.3295807343628,47.62201148600568,4.1388312328168,2860.022642146241,90.28920484620568
,68.9009511558674,75.73798819459236,98.75727720996464,56.87368521285772,12.321849317732871,2389.651130549425,75.73798819459236
388.02644122162286,57.23543870865805,91.91633511914829,158.29539822362187,37.05297417015898,7.2472403414575615,1443.2963640228695,91.91633511914829
118.05388773472237,63.933377721641534,44.62709266446944,192.1510456054691,23.363326260691743,11.581791607680724,1410.506273274869,44.62709266446944
204.84123332169256,181.44644583563405,95.01665614959498,69.98336339670385,29.66341376412818,5.573756569378888,1581.1984750535448,95.01665614959498
278.2583789954397,84.48933725267165,59.24622974801682,226.77220795989487,26.35641657009601,10.905313713855412,2361.79814590713,59.24622974801682
255.3117015062591,88.8626503662324,20.264251691761856,58.81623420893615,55.94254107318804,16.516390186580317,2507.347881180454,20.264251691761856
,220.22488168918608,34.88237843951849,187.20665652452945,12.42546449116064,12.930829001963916,2271.840299170847,34.88237843951849
400.907604199537,92.77113146233066,50.78244494151913,72.31926553826375,18.07540830784876,,1490.9117439138104,50.78244494151913
357.6109285394954,290.7480913211268,75.49971033707106,129.41142470410767,19.745484075216865,11.285994851779638,2140.934766625331,75.49971033707106
196.8615558142524,150.93253037948674,50.08833309666892,84.65852805170252,18.850809747911622,8.796674127348934,1272.9341838302123,50.08833309666892
,242.49779067807424,57.836682887067866,53.197367357907154,13.364474593361932,10.03940092347364,3183.3022432739144,57.836682887067866
453.5709437972335,269.8582785556803,65.91332928877029,192.31891243625088,32.78730169431512,8.371944739257483,4096.867356052102,65.91332928877029
481.5989431912989,280.7616995926977,89.54316986078405,57.77290291848141,49.9858991066187,9.178323970573045,3162.037422370442,89.54316986078405
,125.92780603046506,29.071662780762665,172.1036210195159,29.160819607372943,11.060466765370876,3359.743282107388,29.071662780762665
,215.03125905798345,64.0172280942942,172.89761905261554,22.85592531660305,,386.74968748124047,64.0172280942942
218.53685624799056,118.80830711780963,84.4301990543388,181.92257914909885,23.10413033229873,,924.8973581133484,84.4301990543388
,283.66091480026444,70.57925192981683,141.71847853048297,33.927548791655994,3.0572872308439445,2093.9297084812865,70.57925192981683
,221.17741554234743,66.86961979768583,219.17099136430252,56.57706403332109,1.9986444774814505,2767.04595064757,66.86961979768583
,165.1271769061657,33.79696835465006,139.25770292839775,41.444353078493606,,1563.2015805775477,33.79696835465006
310.6112916877737,102.31920879025913,41.31084955508784,141.6590375179992,13.961669576832136,,1929.181342175612,41.31084955508784
430.7192520359939,220.31187426698253,38.45560850869282,97.619637479026,30.7775545121287,5.53606242254058,2700.2857616097326,38.45560850869282
,143.52715589074774,99.11749884570824,83.27000761248289,33.08340283721433,12.568072321155482,2552.2133874348,99.11749884570824
340.59810624105063,78.50556294095321,66.70768014561908,161.9117299375152,46.55732428089033,10.173568743762807,2948.215299855312,66.70768014561908
253.65996077911345,146.03420295442385,61.49246786917411,189.5333501297013,41.577554004171056,0.157478932809731,2455.5452606337262,61.49246786917411
,241.76013131159155,98.46461785415546,198.1330205365811,15.232695542341538,13.274877921108448,2264.5002836100643,98.46461785415546
481.8783960911822,293.8998046108655,79.21494330039727,211.07523265902563,26.67684762365821,14.05399322795855,3057.1178380054503,79.21494330039727
,82.47528152476752,39.1768141502292,238.47048356019505,20.63064866238336,,1216.7802878010089,39.1768141502292
249.65603371430544,294.6826472874032,89.03122354168008,181.51040423305733,37.282728846617246,,3211.230391962536,89.03122354168008
,81.32458182895016,57.17518948379266,195.9504615738433,28.487639027192103,,1594.0347552803726,57.17518948379266
157.40406352467107,167.765716493197,82.783850238621,56.71652282671852,47.58081956283962,10.488351883741675,1616.3039603290486,82.783850238621
,65.23307537177595,99.03033802848854,138.45823474999122,24.726958485825683,3.677507965225172,1491.7292011650331,99.03033802848854
434.8262291674281,100.30419105658363,80.70388339203669,180.5445921938985,38.61993331483313,1.034467737327116,2167.042276314952,80.70388339203669
,50.51647236666562,21.9300996071957,133.9064798012608,37.872724259262725,,2436.780856213321,21.9300996071957
,212.32204613707245,35.87703104936084,222.1606597308609,27.53388377115592,,2294.3587534264843,35.87703104936084
489.3954757833513,108.20292776721828,23.23386845431733,161.19125015955942,13.18596892655367,8.01160153192698,2494.746789346402,23.23386845431733
265.6897674906147,199.51727159768944,60.971676485891,124.75313571578724,56.79968266956895,4.079847208887203,2323.335869665698,60.971676485891
123.90790343001696,180.0310949240228,91.22110410579972,152.22043364150971,18.76283813264962,8.000504689344314,1083.818557503913,91.22110410579972
,143.12363419540748,56.16324088210456,169.64423986913516,45.38084447939035,11.34647376290367,3082.9098452633093,56.16324088210456
344.7320295173912,81.58072145341532,63.649813235203126,51.23032222006037,37.804027274681104,9.775534849387316,2635.297600790744,63.649813235203126
242.68471262305872,53.97913270017622,32.45143338083072,73.93704757021459,58.90433356124955,10.912505152996069,3688.519043849239,32.45143338083072
,107.93164653387046,92.15339353726044,125.31880836811196,44.94769610828435,6.649423997728835,3199.9608215250128,92.15339353726044
281.75328427362604,195.55830445816656,60.940709038257744,136.12452776354343,34.86843786849347,15.858589573580796,3044.2553764156787,60.940709038257744
,194.66074943073244,87.99610682448126,125.8679040350832,57.19119613262805,4.119133317226097,1542.2506565691228,87.99610682448126
345.5589448796904,115.60442460277712,74.0259258487952,209.7375784355133,35.44521353084174,12.437801485433592,2831.4789082695424,74.0259258487952
115.52377447043432,240.3057135579244,41.01143380897603,170.97245134713629,13.644468557078632,15.909455464799809,1350.853892714692,41.01143380897603
137.85974321757453,272.3814717171513,61.91854965049868,242.1080934218201,54.73033909460974,,2241.822495818356,61.91854965049868
421.68354608428143,211.34446058980583,69.92893718833845,154.89079250263467,21.77796359622478,8.98737886467585,2649.612394504169,69.92893718833845
472.2554796499338,228.1902520864796,68.44189771439717,141.39508320846738,39.51644733120037,7.358514766685104,3776.8204154901696,68.44189771439717
459.6887994490293,225.92296988600248,63.24425852752107,204.4500527793581,27.241314273783097,15.18043825523128,3154.465748266012,63.24425852752107
,241.59806223752253,37.19867649303545,57.19423056689726,46.98817010073853,2.8851253736916345,2975.15305686843,37.19867649303545
462.2228156976286,289.47670259090955,28.63322488478124,68.10907781255159,52.02538687293209,5.149378698101782,4099.254690346267,28.63322488478124
,295.53151631664656,23.57322507968574,105.57135290881882,51.97686928643868,8.012211172541393,2485.915089124089,23.57322507968574
471.5245406159084,53.06940256599211,37.0477290995764,143.32267424692748,56.47540271784277,16.18826878755999,3288.365764346908,37.0477290995764
,193.0567165660344,74.76744834015898,76.00616807046302,50.71766475493785,11.89883818020448,2873.377855915943,74.76744834015898
162.04987561221816,203.9183382100796,44.94922351307663,223.86953123530745,26.78903075055159,5.159771207448774,1639.9551079711712,44.94922351307663
490.6912257056696,130.08817932673253,64.99175007556865,91.898041145023,15.915469407824595,8.448461473075481,2877.220771801375,64.99175007556865
174.21260696442567,245.436528033734,79.62635023631591,225.0358372066304,19.29371572044191,6.928384279518528,1113.228150491638,79.62635023631591
387.25809009064005,62.50970401244368,32.73027364592619,91.15786749011892,25.743284506275792,6.451055038832324,3296.152864364829,32.73027364592619
452.7340689513375,103.41374639611196,96.925892083014,194.8464863497286,54.478406829444864,14.894447792783897,2087.8214788634737,96.925892083014
,277.6472494219351,27.85904062916612,74.5818837963622,45.54062768520251,3.1412843536824724,2282.0001107211283,27.85904062916612
248.4228612880464,195.6048060537679,63.08180283002127,61.19158123492042,44.50965623387656,18.043904278671867,2707.63924453649,63.08180283002127
149.01119458917884,80.22042310945884,49.02388185533757,220.24080611897688,47.50215268011894,14.141148450923115,2261.3755208629063,49.02388185533757
,63.81699442714742,47.25168622353738,157.4648789869213,34.24971701451385,,1668.5667583998363,47.25168622353738
,183.14962218753257,28.390580743477088,53.80252436746298,33.22230925601637,7.685302439873709,1897.893224182428,28.390580743477088
,146.6471526973231,49.06642542662341,153.3185128053707,42.15570124144449,9.250296404604454,3012.602875818477,49.06642542662341
429.02418248811085,258.2415134769812,50.885313219195055,77.29049549709097,42.31054206317821,2.83424092737644,3075.056171952273,50.885313219195055
,52.20784346575587,94.6678367551448,132.25369557373602,18.57222010469593,7.376687964665985,2120.339372504315,94.6678367551448
,242.08207465413915,58.52735824438368,174.93401841607962,20.53535758401572,,2273.3197643020508,58.52735824438368
103.7979431997307,64.31705646621859,87.98647993463666,192.84328889482595,44.61020841596272,16.48031530890698,2165.518880340323,87.98647993463666
334.9529292354294,137.5883377519079,41.00529850228115,209.35538178278256,14.310577806337037,4.464215915987742,1288.398882466787,41.00529850228115
351.1927656828867,148.06580128028523,59.02224633498604,97.64036172446056,12.3592491498747,8.17247031507367,1855.1812408820308,59.02224633498604
,171.82787224587284,45.581777663331735,172.6918986353944,43.66287289849796,9.243503898837387,2019.305881684768,45.581777663331735
363.6785838987929,242.3325470705604,96.66616795180926,147.74490755984976,42.27875256034726,,2344.413050941411,96.66616795180926
127.69706975857412,255.86799199862293,93.21663871633574,151.53490399976363,34.71829232890206,12.956746208792,2209.0694341654457,93.21663871633574
156.63489926279527,244.87844773245607,42.694128954985416,134.54419415337375,12.943959373316323,6.380048341286955,1194.7419960361538,42.694128954985416
,253.3904344639364,94.23325312010611,76.88457087508957,16.184028342884424,9.02304824411488,2598.565302304856,94.23325312010611
,105.10388160831168,94.29946177877932,53.85213128331412,54.87160187082051,7.740253140440611,1692.2709371799187,94.29946177877932
198.18285036612707,212.46868520831748,99.031321981209,168.4831582852366,40.36346283642919,6.053307471401628,3287.998079923112,99.031321981209
,285.53933085915094,23.479888136041595,84.4962155787394,32.331440512511406,9.964775072597227,2601.194149360388,23.479888136041595
138.9788373281733,57.72434246479716,40.99933124327944,97.09444106905649,34.843376372422995,8.921952107159889,1631.049583201578,40.99933124327944
297.89905102085714,79.05352875914357,71.73988731983486,135.29420970888535,50.30684660315536,8.140710588606673,2959.0880524323265,71.73988731983486
169.41701355690333,68.06192920119676,76.27715349698758,58.79057127761337,17.059161441592266,,843.8798328564417,76.27715349698758
371.98015958775534,51.27304433839117,72.02374162033203,209.90509689431943,26.15296085015813,,2568.474969625748,72.02374162033203
141.79070860151978,256.52618769512816,38.02771750550545,228.1471579380757,18.10458125740982,18.268086342461423,889.8134887770092,38.02771750550545
344.3193285063347,200.9394952743353,47.09035111436685,79.20760660891557,17.061786032526392,10.699436164195635,3011.0376244849394,47.09035111436685
495.66493940788064,110.44038107397716,85.18435457060257,162.17003667325034,22.58220731671301,14.980591074555644,2556.494564783813,85.18435457060257
,125.99484548655197,86.07125317327325,80.6062291585879,38.03946993751413,3.0488903742326867,1402.0064985400174,86.07125317327325
,261.5260234150362,92.1283480229282,71.38195896091702,29.47266224922877,10.788807196468849,2839.277875565715,92.1283480229282
372.2745449638341,96.04171875234556,47.17578242389295,237.5084812761857,51.98172969401284,4.513158405144667,3309.9408974943217,47.17578242389295
119.975213179678,243.88985704083484,38.850187022261125,73.30704740278787,26.31772912625461,,1373.6883918672615,38.850187022261125
119.75714122497754,244.04559629434425,78.79628573399968,160.33618892611557,51.03733721303596,,1892.416206831885,78.79628573399968
270.62484475068555,165.7563942766466,98.32440311752696,147.91350219915356,25.30252047449216,15.959496672067864,1867.307790011338,98.32440311752696
,151.76501628957422,93.4262666018858,124.68149778135796,48.52009196230157,14.750079143348229,1757.2919668264817,93.4262666018858
320.6217912086721,154.9784480405472,22.571197212397564,64.72347865398265,54.122434992489005,,3953.943119396277,22.571197212397564
,277.12829065056127,76.36441780180638,246.1767811140472,51.73577549285213,2.3364972005503457,3003.0373678396168,76.36441780180638
368.5341818520336,80.63478434240491,38.46214817294931,154.63130633643658,59.90039323904649,9.018596743060316,3467.210038705812,38.46214817294931
,233.59998935282348,50.0269144916589,112.45559151388788,24.06301910732349,11.508500044508676,2143.352398859602,50.0269144916589
199.050188224928,267.62126967929896,69.44482882776833,105.4586084603543,23.379947547081045,,1393.1263264867075,69.44482882776833
183.3683825096606,77.81298003275569,83.54501902435558,111.4935136925784,34.253332504337024,0.7810320825962709,1686.3080337020742,83.54501902435558
184.15274288217847,61.08712544256167,90.28908654724748,223.11297411837563,51.93185994723082,5.548410759900641,2559.7527307615424,90.28908654724748
,84.46809568363736,50.79896255689067,190.12088232566376,55.82228312446552,,3086.623835259456,50.79896255689067
,97.62098131878048,38.02929754897696,178.2568949165973,59.04355167813565,12.68145454758595,3483.1215946292045,38.02929754897696
476.9764959933423,136.18950484024458,48.48765971670954,89.11255846409901,51.71259115173896,,3895.155763908617,48.48765971670954
280.1884470705058,162.2856573477152,57.57582934006734,194.2480255170894,15.457223250842668,,2328.591488944615,57.57582934006734
323.3877994506492,278.25331002214745,96.6439021254691,207.85900722655936,47.92315791491591,,2773.0873397011046,96.6439021254691
144.91832689668007,197.88669673232533,22.52089779244929,58.51039619238077,42.28643363913922,,1436.2717649355793,22.52089779244929
359.6339949791685,206.82787074692152,36.10286466763404,248.22734297730625,54.73272577593334,13.464287921187184,2781.3564151265177,36.10286466763404
453.1731934289576,235.06155405991845,76.57423706392282,50.43582886360437,48.88193476259149,12.912856594044026,3515.2479870850552,76.57423706392282
,119.14497157785377,21.60237365129194,114.63574022852087,34.03877146098974,6.000297466490329,3005.664050312505,21.60237365129194
,176.03106623030732,51.84947282909423,84.30614011017659,29.61236584521737,0.4599893143834617,576.9957229602333,51.84947282909423
252.7127746734956,279.73844602308804,53.406187343420285,191.07612073076132,47.73238429168945,8.034736214692995,2802.9589244774083,53.406187343420285
459.5509295508839,244.9541995125472,40.15414564563743,247.136944466588,57.11339203874414,15.0081591260428,3746.537835319397,40.15414564563743
466.357277554001,129.185309085101,35.058416952789,102.42609628769398,40.44835654363007,16.96727263762216,2779.097438014797,35.058416952789
219.612347416352,280.96728512742493,47.481711413479786,83.17108059986484,48.28983145368329,,3487.3037408112536,47.481711413479786
470.8947974543226,87.19827148780783,89.752340290704,101.90477360929616,49.0223038385099,12.14670411400867,3315.103284875048,89.752340290704
171.25597628385754,176.21336824650643,72.93859952044014,221.42994253983227,12.00685986432724,11.898198241929828,2144.3330550874025,72.93859952044014
217.5031091374015,179.853355668338,25.75330877391601,99.31441554860618,29.1849757037138,7.219406266196097,1825.162711754383,25.75330877391601
467.4604877432401,151.8980538351206,82.03075105249184,96.2154435784718,32.1560778413952,,3365.878845220877,82.03075105249184
466.0649143659232,93.82975851871272,70.22663809299894,118.29189686598905,39.21124482383391,,3799.282014157023,70.22663809299894
105.34416859952984,213.04769802445173,65.43384936446432,96.77681344088276,38.55278332849279,5.287209971040618,2684.234610680337,65.43384936446432
350.2916816975519,130.4959618602341,64.84760082444382,80.81571206445358,32.954749808095954,,1711.9146039394673,64.84760082444382
,158.56700900105224,50.96483340043796,127.27917715250832,25.17850964819464,8.389859227539707,2101.314698971307,50.96483340043796
174.880173096999,233.24293245764463,24.5539329804234,232.27905720606412,24.89269519090853,,1639.5670626682725,24.5539329804234
121.10056904645654,80.34250341121052,80.7445830533996,152.4744380665578,51.41530461472752,2.9659249525123084,2207.602030382205,80.7445830533996
105.59957447085162,100.64349459826798,90.27988989592656,234.470133065679,34.994362396168654,12.929521005823243,1917.4471815291552,90.27988989592656
198.6487258964233,135.38704133539363,84.20236081120501,168.49139379351385,39.4020952482949,6.31614932026189,1522.6674564453328,84.20236081120501
,87.35456772643951,29.04600798325844,168.57870217487448,16.473651686530793,,1876.6886970527737,29.04600798325844
466.5997133205325,83.17644976004942,48.33513498758352,236.7980311719517,28.42905393908118,11.092670212054728,1309.7853888252912,48.33513498758352
,122.90925582124132,77.1274568608672,180.23589320610407,33.37479667920091,,2674.4721055171944,77.1274568608672
,90.746667909082,34.72424488251062,227.80038024173703,54.23026789105413,5.775292807032519,2233.918376584164,34.72424488251062
330.3111963012095,125.6321345826791,31.09040029092512,88.35295799815557,29.718105533829423,2.5049201977079942,2238.73583304978,31.09040029092512
137.4582459621056,129.9648070599249,32.27885290477775,60.46239480710585,54.139804715988326,9.540776178325224,1985.968304839828,32.27885290477775
,145.3471554462039,26.48587730883564,235.53670494841228,43.1396712217124,9.562823356114096,3707.317069319244,26.48587730883564
302.9499582836563,111.8208401105897,79.82071838613108,58.97695854165971,52.85790175928341,12.741598137772494,950.8898056066816,79.82071838613108
495.4585420930324,260.3487236767316,39.596645700297735,145.48468013265096,25.396317648781555,14.74797285682244,3012.442332867479,39.596645700297735
,79.78231020026789,63.1568402180688,190.08686440922523,49.68739430819237,,2456.727367634902,63.1568402180688
,82.039118063692,32.640115768795084,234.6275849447673,40.4070313405987,19.277516573971315,2582.927114804628,32.640115768795084
452.4728334927712,292.6881792413602,41.72074582707094,149.87514638591642,15.216261119061066,,3744.808173185001,41.72074582707094
452.98950128915806,93.54581235880934,37.88420428002203,91.09689110185028,49.78418083005148,8.267867469965502,2504.9448431897463,37.88420428002203
240.3158791535746,267.7825331316388,47.50705298551428,108.58270454666038,34.60974680206104,,2868.4082049705007,47.50705298551428
201.58204829383067,216.2202864352145,85.80569844242345,239.95479770720524,39.0364169416989,8.686702398419161,2458.835834340226,85.80569844242345
,114.12293592709808,56.39784648824494,235.4196329264193,59.09379794771351,8.318065272944319,3449.0069066851747,56.39784648824494
115.13098061018326,259.8100259879229,21.226420838039346,169.4253434734726,20.36209432135936,14.801523981407351,1201.6713114094955,21.226420838039346
350.0517681905184,95.50824397023445,25.008954680230488,190.94190119041133,56.547704684270016,12.31241812033427,2421.959548199891,25.008954680230488
385.7151654872557,91.96645551056451,96.54610113623906,203.5231353887904,36.28724895115232,4.103154391836914,3124.564160800441,96.54610113623906
,173.13306655979096,86.81481474164502,193.79910021825728,31.966085253052505,10.861271932055187,2040.5093816981484,86.81481474164502
,298.4035320707916,89.46169812363505,89.30345134062307,28.578677169270648,,1989.1037174303929,89.46169812363505
,228.2404667062718,41.92160720117636,64.15438927362922,25.568418534606224,17.640156796939163,1321.894061154896,41.92160720117636
495.1382101240735,145.76827040606446,34.577173611444394,168.9794610944867,47.336380823864246,14.437519837070298,3492.283357423667,34.577173611444394
112.04846931694436,54.70345549314413,82.91909069514625,68.77779957350057,59.50106116707753,13.80423327155739,2518.8491876139915,82.91909069514625
482.7360352197696,142.04661824583292,59.53178456385368,185.7008597504236,23.827816882254403,10.300429973075818,2212.9854191515524,59.53178456385368
143.54275452077155,235.0491047339601,32.743757759104,154.71260273124167,33.21717003262107,11.941560027117248,204.5536050776775,32.743757759104
288.91955636548005,141.49857422509717,41.37587641869995,204.79420043680005,18.194114839637564,16.247524503530794,2133.1594244835537,41.37587641869995
,165.00365507103612,56.62102356065213,121.9047915648312,18.930581854965283,3.336113012601752,536.1498783772955,56.62102356065213
,105.03865121221408,52.77218476329817,54.20377696503823,17.83369161060584,8.25280336391522,1118.6800416245349,52.77218476329817
278.4582862394717,273.2548402932604,59.3311562466976,129.30138079132428,35.745267001022995,6.1371562562187965,878.7823620410973,59.3311562466976
112.27898575236044,109.743024374493,76.19612389449435,178.43718317729022,43.31858020815672,11.89576559363062,2249.40773869172,76.19612389449435
290.7608623319405,164.68335533097243,54.79824057127871,120.43651080189431,20.4220898704315,16.151110878253938,2020.9547083259904,54.79824057127871
248.240544745895,59.25199903525135,44.889175835992745,225.4158643069225,37.435294348537255,,1804.4867798173025,44.889175835992745
221.7005244061532,214.5319584903285,30.13416673113538,72.26818394692026,50.82789017982827,-1.9515218373471903,3437.129943178172,30.13416673113538
318.1835740928907,141.84452671651297,49.09669168166016,149.3832098440327,17.251299021926286,7.938896274877649,2278.481659412414,49.09669168166016
248.9767679663746,66.99297362249564,39.11027703654736,160.1300515920716,15.872006161382636,14.567368660087034,2393.982219534128,39.11027703654736
,274.3725680023302,87.19426920363416,132.82704230929616,36.68451219299149,12.688149514749398,1727.609990915465,87.19426920363416
139.53679580360443,65.69287819088723,63.07540204641681,125.0432274421195,56.21501363451063,,2036.4408433380383,63.07540204641681
,128.02856942479667,99.25347041383252,235.6448387546974,40.60869550415344,8.6000334906276,2029.059422817596,99.25347041383252
387.6147241631079,283.04073522370703,80.26569083827016,113.47655575531952,19.82311702686983,,2440.0485738170414,80.26569083827016
119.83540636937651,224.759108263296,41.88306279095961,201.61366393689408,14.911298572688564,,1237.902926023987,41.88306279095961
143.89448644363347,122.9569778386796,20.65520389205092,107.20947349868204,49.82636287512021,,2442.8523483086365,20.65520389205092
,283.1623496328071,92.06575203302272,85.49304112316065,56.651319398736426,20.92048366690228,3288.46647387356,92.06575203302272
251.9469608793853,154.45738495593167,67.88045473109693,89.20829848949595,16.13247734335807,12.85253604177258,2051.0108229228267,67.88045473109693
,213.5292357617608,35.99432250406724,139.4998065184222,40.52975305105623,7.096758487230245,3334.598433862156,35.99432250406724
424.75153611049546,144.77112055813072,83.6771492296881,145.96602153784977,32.91195178662184,,3950.793249378069,83.6771492296881
,288.5644915468718,55.5932040558171,221.42480773211764,11.596709397462057,9.535278966932058,1949.234038223055,55.5932040558171
358.6591087895789,82.11579846190594,41.354296317626016,94.93076991937288,56.671763604288856,8.80249038989125,2293.334095439108,41.354296317626016
266.5375552596512,56.627757705650765,50.72116397918568,195.7181239106572,27.58409962739522,,1896.3752935627967,50.72116397918568
468.9061452140061,57.78053617857714,84.9580212307667,150.66091543641068,56.294728871256645,10.932080848720233,2676.288546907469,84.9580212307667
110.24207693353338,112.5870420642688,71.56923450514086,193.14518141449668,41.22655357667498,6.34184130545736,2598.648375626335,71.56923450514086
,267.478439967342,37.29665724116822,223.23432740006132,19.809272740327664,19.45220342577891,1406.2461705606156,37.29665724116822
220.735314392102,110.43420101774436,55.66187886943867,124.08846062165269,38.32638836221828,10.246541657601114,1667.486300012119,55.66187886943867
285.56145346235184,293.8532708852996,99.58163091656698,239.13359303541924,10.140882304852482,,1735.0453980929465,99.58163091656698
376.1889534854689,294.4691121177507,39.12073919775249,100.27095317476,32.04703575266989,6.958867462776204,3306.3353924682533,39.12073919775249
174.48199211722056,219.09744521261467,97.17509160478087,186.48264094777667,43.941892368202325,11.815578138722618,2188.7009945387767,97.17509160478087
226.10753097844827,177.83920239883355,40.34129738150143,249.97306139910293,48.99443370476234,11.555549955715977,2088.7922023444034,40.34129738150143
434.9532242620435,107.3981455480517,83.801555186781,147.77417215255406,42.47397328569191,0.5517535395192361,3829.876438187104,83.801555186781
135.629126202463,129.1761558483737,23.35412159044958,240.62961829447937,41.37333631202246,20.0763755523032,1330.5461532824947,23.35412159044958
170.9851028307324,188.5243234058129,70.56473989583324,194.7660884358201,56.56431611380195,16.453222304612737,2525.8125700850296,70.56473989583324
120.0800346832304,231.5933334295836,73.84547069295367,108.60470250885678,41.52129002866134,8.014023419270062,2462.990059865531,73.84547069295367
209.712196644656,50.71887496057221,88.08895597340442,237.46207567562683,36.78807401303875,4.488651297720723,790.8632150611003,88.08895597340442
,193.4546744410068,75.55166276078282,82.13230152879953,23.86311238805977,11.73780806901776,2272.817065063093,75.55166276078282
332.70278548375245,187.1532439175812,29.86793905374396,249.23601546828337,27.1635257639196,10.433488497071982,1682.5267680319478,29.86793905374396
,259.0940447020827,20.293252989820218,200.63522615961955,24.56171723854229,11.778344742816149,2238.755782798124,20.293252989820218
,101.29761281251766,70.53523755945213,101.81918876958572,59.581815906157146,10.957886980970448,1707.6114553757848,70.53523755945213
,126.57944355462784,64.1111495236366,186.74597005413864,49.1166300209732,,3623.844275886724,64.1111495236366
489.4532102010992,244.8075968028099,42.23432494378103,229.6215223867973,26.91578558000717,17.236528496959032,3661.515905328331,42.23432494378103
349.41465324878016,279.4047385960393,29.104337562794043,177.9532162399144,35.80053159101264,12.84051602564323,3354.277820410158,29.104337562794043
175.77866768726682,129.87517448132172,52.55645326505727,195.92134272309488,59.7343262165827,4.751722505450294,2592.458585593705,52.55645326505727
105.0895482740222,136.37219642971618,68.67794414577365,81.45761956788903,19.775267878408883,,1081.1105256943115,68.67794414577365
,231.6851182504477,66.9902527321101,187.33041648297137,21.35952133548313,18.20307281744144,2309.1191349615824,66.9902527321101
262.347713859146,62.284109437397404,44.35054828025545,92.21350564479854,32.57904185032187,25.760283672560423,2757.2461833503785,44.35054828025545
347.6436573475914,262.23552705477493,99.7425389116577,71.62557103785306,56.6768337111864,4.38252983380201,2887.2480687087773,99.7425389116577
112.03424087415874,191.9162997393496,50.43285300321274,163.23651608469407,21.674247523370767,11.214410065751377,818.706972210655,50.43285300321274
163.15243074571652,64.09601995810027,71.56055916469141,68.01137122912161,30.814320613431804,-0.4104935159449354,1897.3568947778,71.56055916469141
164.66851811554488,195.06817076846943,36.464213497833256,174.53638920736142,20.902001142102044,12.765745781896046,1131.424969308374,36.464213497833256
312.5227360820119,140.36851308397863,92.56074881414943,57.18431670197836,22.41265038020797,7.258998509166137,1431.850449031106,92.56074881414943
334.0721990649339,200.6014005093014,52.94381864412876,232.1420950948854,19.849896402108143,19.617228974124764,1307.5541109467338,52.94381864412876
,231.4461994128325,61.5221688091101,112.59614669935146,34.09959667976876,6.12692514990709,2515.815133906796,61.5221688091101
,54.00558801004294,48.61395792758181,151.23719190861425,52.98377409032425,1.5540848101636922,3044.1097501020654,48.61395792758181
,197.66649842123925,94.81171244136252,172.47023890887058,26.442126331015565,7.643681296487402,1864.585308902282,94.81171244136252
174.83959634796895,76.47519908021638,53.6012970057495,123.45762425027982,28.97631074740147,0.1225611439143126,2096.129180364406,53.6012970057495
100.11293068554778,242.51134852722845,55.0812329632381,109.22858167313376,22.887340640045643,13.75549727253655,1883.486875554997,55.0812329632381
101.34526517043788,246.7238239937292,55.14719244670633,249.12734606993817,51.50594969746324,-0.3254152312816032,2183.8536370672305,55.14719244670633
277.827317758949,292.21647927887216,51.720986672283615,216.60938225056023,50.25124000498554,10.142287905915794,2870.960968730188,51.720986672283615
192.40503392779576,137.08329365602873,45.88256502189103,107.39078987313628,15.47952413903358,-0.3890590992809848,1717.3845930507327,45.88256502189103
122.09370804702876,207.86841406905967,35.600880025538416,116.72291728435872,22.50111007739646,8.398510977316791,2302.433175038412,35.600880025538416
160.1410437290354,83.91043754009073,78.41434238974286,56.79049897426455,14.588575564983856,,1211.5406388514818,78.41434238974286
401.06075930272095,181.6975233271108,33.99604718559503,97.7924419498434,22.064233941803963,11.803239457178975,2124.317230631304,33.99604718559503
319.7823458759626,57.95164302131957,60.13954541892371,59.84545845373239,30.142234700484902,5.68253197517533,1401.565678996631,60.13954541892371
448.336233939402,253.6186210742197,93.8353376692535,109.49189969303862,27.29336314860632,9.84398255530458,2024.3243923621824,93.8353376692535
,82.8442080110973,95.31592566048168,190.38955827211137,15.543603802999506,10.090084360222232,1414.5218628592015,95.31592566048168
257.530146219648,105.85078680206456,73.26093450431514,228.9270155498287,31.05966227440297,12.363151729217028,2284.6782925561865,73.26093450431514
,107.269538838987,37.2082418310826,93.63522733101289,28.380433783580628,3.165708183595868,2734.6024990340684,37.2082418310826
231.3197262376573,88.80419297077808,43.38552522072674,121.1701557048168,52.17616419981997,12.962836369236651,2253.466827413401,43.38552522072674
252.74870381684167,109.74400226425028,36.91080282620749,240.36279752134075,36.30393899419487,-3.5219581580138755,2907.413721480659,36.91080282620749
356.7349127868638,143.44491959214616,58.61847548467125,177.98990681980433,24.180144402095053,6.850577238180948,1914.2324996756167,58.61847548467125
,267.1887805794031,64.78408016356076,58.64003690314277,46.45286508418173,7.558630787742277,4001.4545516017592,64.78408016356076
,291.868455127187,88.20379786349729,149.91977085795975,49.88729097377325,13.166634130356192,2798.641820187803,88.20379786349729
,69.7880380460783,73.74457971125508,163.45417279605908,44.30865958877922,,1923.5152604071304,73.74457971125508
191.0726433057443,145.8374213698155,65.27845070608998,158.4600789681412,47.924968600358326,2.972184730718567,2597.050424337647,65.27845070608998
,100.86567725595592,92.9119656256306,208.2234551989673,49.254368148180205,5.075034370914924,2742.0558419936715,92.9119656256306
,179.61941212186247,82.35104378310311,176.25856582704097,38.75745785659565,,2209.125674270861,82.35104378310311
279.2372644902058,270.67295275940137,52.14197647490089,176.03734880256468,14.608074305823294,,2094.1925825963854,52.14197647490089
275.62481138584553,268.7035519493624,41.14695086086481,239.52899596250552,34.64701766306409,7.104379451821268,2506.063541521657,41.14695086086481
149.33855893666197,128.60867819275717,20.132199088564025,96.48647429641636,50.60398095923385,7.595831052440103,3553.1172512082044,20.132199088564025
,192.42352627513432,25.35093349251538,166.6991136192242,56.1514165309563,13.480839985796443,3785.1462232856143,25.35093349251538
446.3939086197437,249.86881832491585,48.59478403718468,85.56402263671535,25.19219274310374,7.411537135653926,3255.886054353302,48.59478403718468
488.4869294746644,177.10136331464076,66.30015573647424,79.93039977602092,40.86006177818061,9.559543779854634,3227.6102805399373,66.30015573647424
197.9450977305524,283.94776573121646,49.105810823341386,207.6011890602684,18.90845267073204,20.849682940402715,2516.677936884465,49.105810823341386
251.87617945861413,154.5071495214003,37.14787055358144,118.52930356597427,27.024461567961488,2.881586815580385,2259.956718900977,37.14787055358144
218.36809276031056,232.7516488912256,90.533104726129,155.54363916740363,20.187927472931577,0.7407863421267074,1891.302005879076,90.533104726129
414.8143353964357,100.61022484070295,67.20760882429694,73.96865241570299,46.40269802907756,,2659.945202985169,67.20760882429694
445.4514097652921,222.40951026910656,32.81581714915062,206.8518641647092,25.382053876947097,6.606784693529484,2701.041415254645,32.81581714915062
,186.1949627295497,69.29336384535648,114.43735993799116,46.796900765314064,8.408812361286898,1450.6127316674826,69.29336384535648
359.7649764773612,297.09486502297483,54.25021830182508,128.4495755494555,13.046576027485422,6.094218109344429,2477.8819598507807,54.25021830182508
264.03292525814675,281.88827805136026,52.978451131024144,190.93970448563343,28.18128592333128,8.700999296162438,2070.2567966334373,52.978451131024144
,201.8766108983288,85.24189974930886,222.6798192697655,43.7744099912329,17.992690560481705,3761.577196840405,85.24189974930886
,180.01529132071914,71.02116466781693,119.67204790454468,46.52440688538637,,2765.7920072353813,71.02116466781693
,149.99486297017407,73.23909690064542,102.28050837353383,50.45367074641783,14.311117559434884,1423.294022447441,73.23909690064542
360.6978131906799,227.08435532267416,97.9042633174348,186.87453124733,25.267952055313607,2.9188647210367726,2441.2710331255016,97.9042633174348
,126.25452846836436,98.06465888869158,121.03347919553724,49.06421935010364,4.244231317235654,1940.7943543223296,98.06465888869158
186.5387949035428,84.96940070269886,33.46423650593812,170.97381847769935,30.234836703625547,-4.195393297427135,1903.564651587451,33.46423650593812
341.38288707149195,105.03725277666254,78.154335202175,107.35862334347648,46.76824865373213,,2788.077033487056,78.154335202175
251.1653199088506,290.0952936629107,58.55369870089476,210.1569450211894,26.90155276030657,,2884.461978252576,58.55369870089476
,179.87326318554278,76.10195411289816,71.95699947276512,19.25301357297304,12.584732578741855,1019.639431012979,76.10195411289816
120.19175053694318,273.7674553954563,24.745660390772755,192.5180807068841,21.098737842767346,8.89243368523938,1695.6973851994103,24.745660390772755
,239.4887460343681,79.2562592907381,176.4428024487694,21.957433453460915,,1876.5224393098435,79.2562592907381
129.36494993540225,53.33435168321338,65.62745498088519,238.38160958393004,50.6138797153874,6.555572287122972,2270.087441364557,65.62745498088519
303.15348276818474,264.37611427462167,30.181579961231847,227.69755753574472,55.58075265077407,,3445.3788744867315,30.181579961231847
396.70224468041664,175.27796163716098,32.6453146566553,146.82761945753438,25.05255857563072,13.829391397403077,2745.835105341061,32.6453146566553
,145.46106642047022,85.11188657229782,196.4814646544057,41.58263931028243,1.9205660629476355,2508.8576524224595,85.11188657229782
107.98696988580916,124.383757363974,35.78853521634316,82.90395485156111,38.38268867983264,11.49823843918674,1911.422793963572,35.78853521634316
302.95276240285216,160.0878291282715,63.34504906096859,247.0613222690092,58.44254536033045,14.662174354773336,3885.943629809449,63.34504906096859
368.4993558849967,297.5572881452041,61.362490233171584,174.18119026561277,47.02117753624754,7.924498555183153,3060.77537218202,61.362490233171584
246.6396582733097,218.38467293900203,89.32160220672449,182.53089064618143,58.3161798062768,13.503503060602918,2969.305060447529,89.32160220672449
403.9417524887228,170.57208915382213,93.55187889943002,246.13447381647973,16.04071136993762,24.073272222362764,1583.2886039165717,93.55187889943002
469.6546687565344,278.03337521379166,41.76485544209879,225.12632019989795,47.83016583907347,9.47828603506554,3022.313555867292,41.76485544209879
448.4481112357403,212.3432671977048,60.283107811576016,167.27146501627294,32.1331415213496,11.966535250026618,2960.0669135250446,60.283107811576016
,291.6992228021584,65.05194379078563,151.4270831105107,58.05103396694348,6.309714581693042,4427.081537777988,65.05194379078563
439.2389225950823,280.3553757112448,41.63934170780826,169.14205054902618,26.6576304347171,10.906255813010253,2763.0441175606247,41.63934170780826
,200.76918094960092,38.75896808071122,143.81246431758123,43.848632712295306,12.30135812491152,3007.937733980833,38.75896808071122
243.65010207871416,266.8210614892349,87.28734658645172,130.9736650188637,15.104040652116709,10.97421170135069,1682.2970826888554,87.28734658645172
427.24796624034207,158.11478793461046,51.1819880417887,248.01523577443288,15.594090553298209,,1948.5512739664723,51.1819880417887
361.7330866704547,127.63375771568356,89.17167341778516,157.18096810929922,43.73546908191261,,2844.873240985,89.17167341778516
,99.8533252227293,39.88999311767635,57.30015182248235,14.951955215476609,17.310979693588184,225.41603390892143,39.88999311767635
,249.96243893879748,47.44358749862884,146.19354397409026,10.192116325061058,12.243178822572636,2753.6774085038096,47.44358749862884
232.97690459158912,258.1293544352326,23.47083031332336,114.49154650820935,18.7292167938026,14.809935945359204,1558.0477735539196,23.47083031332336
,273.85803991639995,94.4833586914863,187.62722841662327,17.756432612238548,,3082.114589508912,94.4833586914863
,140.89243761409082,95.43562230789964,95.2017243694475,47.54956319454551,13.749501197118551,2245.636437405565,95.43562230789964
483.6525534934085,123.3810683782747,77.42503402454399,95.415703624777,31.164880057112185,11.39633919108263,3157.973646254466,77.42503402454399
432.4259747711342,292.10346379358947,79.06354530112752,145.74079046917225,56.637204301631606,5.24544635156384,4078.024538694037,79.06354530112752
388.5638643872165,65.94693843907754,80.24169607424001,54.797235344157286,55.254103158916514,11.592605023994372,3111.0476948784963,80.24169607424001
,287.0071790871319,27.499633558317072,224.88995704746927,10.055369398335472,5.041516682798448,1888.912246797392,27.499633558317072
,164.67591617473238,80.03630401203951,246.6104670220838,43.66803752870445,,3265.41937973864,80.03630401203951
451.74565155975966,122.73487013727087,78.24402190970952,95.9683576485808,22.590804397557683,10.94664153646187,1722.2557637721225,78.24402190970952
315.6884927869097,82.25771906347859,39.2481390065629,88.56889252702348,19.66674734865918,,1635.4474476056537,39.2481390065629
417.46651263768297,121.47826696689305,64.0208126039568,225.9585541758848,17.09883644963854,,2792.496235592893,64.0208126039568
354.2920555807698,99.56797923255203,37.86315544358551,196.8834334082788,10.118585129892177,15.26992885591438,2204.412317392257,37.86315544358551
298.63309165805725,215.1374518642985,94.77070739484918,246.48952732667425,47.92517573715661,12.860031391502364,2803.462790624176,94.77070739484918
223.8420685482539,96.29372156337196,60.99430450612925,191.33827784388703,57.982458657015016,6.476357821945581,1885.7336021568367,60.99430450612925
484.2751440635605,279.97128840383124,97.31091198533738,95.3716252162657,39.440424100270704,,3775.821198317733,97.31091198533738
,76.29583598486809,94.98774372357164,146.40789445748422,53.495966508552655,9.275477104592843,2167.8285199754773,94.98774372357164
248.8398442036369,163.10190596156593,27.48500373244713,180.3808813663424,58.87870554189725,7.770281430694199,1366.2088959977705,27.48500373244713
467.29638722045127,95.67555750937656,88.86037031059239,175.65214101873394,41.978658642925694,10.565702285265116,3366.1760836879043,88.86037031059239
150.5685503572891,186.92042887042496,57.40634541798264,249.7292748569064,20.81308744623818,8.184416694222168,1522.4057149990697,57.40634541798264
,139.10557620086877,67.11235179194347,190.0398944869528,31.690965438746456,-0.0372843037250483,2336.9434757775844,67.11235179194347
475.5688160580545,168.3993347659717,72.2125338992926,120.7082516724139,44.36110053948229,8.058265308494208,2523.477380646883,72.2125338992926
389.2489407411185,117.10261956116705,28.0133323450182,55.16111123672857,27.28289972536401,8.471904444658435,415.6736765514543,28.0133323450182
,279.5925044923526,98.25412825796084,80.5878346032201,48.39909098455946,13.168305123870294,2735.893611231886,98.25412825796084
200.69612384653664,284.91197900235903,46.89682510595287,245.28100707089416,59.28092769639575,6.509001626944752,3108.590562803672,46.89682510595287
426.1915922574491,238.22419149746332,22.92844526291597,70.28787906503214,21.78233067817863,,1622.4120211090726,22.92844526291597
416.2602706653159,260.1138299717029,55.18654532305264,93.3603173402748,28.812845756799547,0.4417972467412152,2250.8136775856965,55.18654532305264
351.8111588834472,82.05410835194957,25.05420303735265,93.92477528580392,21.884868774952004,16.555837489013122,3617.956398359725,25.05420303735265
306.1908059235915,245.19650316048893,95.8193696571181,158.4008481992857,58.05309916561672,8.878405145609475,2971.040409321667,95.8193696571181
252.6980913878816,56.033686045217166,66.49653447406709,170.39894140909945,18.14401860846739,14.29792436171778,1902.6403140782984,66.49653447406709
352.434544172091,215.7760520572233,79.18737672303591,189.41685423336148,29.023689998184835,10.399007420293666,2116.069144273203,79.18737672303591
314.98611354674085,254.4705210778252,41.53432280154162,236.86102820912689,31.830232464367995,15.697777680127343,1299.5972652663531,41.53432280154162
201.01162474649732,102.57537321438022,21.496232760220263,204.3529273012602,28.76929759427342,,1577.47052359621,21.496232760220263
485.3267188437608,135.32305612478098,79.47759500446017,200.67927300439507,16.778337656581797,4.506897874110939,2275.578800848577,79.47759500446017
399.0252222623917,175.45107088671526,47.66603188207405,153.18458605795968,30.653174672054647,17.102521436355318,2356.8060706866063,47.66603188207405
,161.1591122655922,84.15218937922079,100.5111186806612,30.952481005591032,9.432596770589294,1870.001690150048,84.15218937922079
141.91726492512026,120.19955543193404,54.77357963427121,155.2380343204107,10.466042146711708,11.107792368121054,1227.2695170668053,54.77357963427121
295.32902315373354,242.88631466717533,62.88540106493311,238.4311101105679,22.1634916465716,16.173759570223975,2123.9288487360736,62.88540106493311
287.15460589387374,50.91652098581452,22.23957362947704,58.44203980235923,37.88530972744324,4.840223789527825,1302.5293091185322,22.23957362947704
,56.301709463304206,51.31781818428267,61.45513618117755,24.630149998353616,,2613.7253050248296,51.31781818428267
321.03505327061816,137.41857841326578,72.0394902330545,92.96209137031832,40.53847641541057,,1306.3882000277297,72.0394902330545
286.9530934179908,250.1143872677137,90.87233720896532,51.73441968715588,48.55622687582505,,1634.640560769102,90.87233720896532
403.01179854610814,129.94293939217718,87.90025370120523,141.1035334399474,30.15740615561203,10.361394826921444,2918.529502126888,87.90025370120523
392.3027076202476,281.95039775520604,81.9746456039012,57.446329949358784,13.590895094302423,,2739.079820486673,81.9746456039012
349.08633475815094,292.3368744485485,79.92266709277615,234.87899187664985,13.54302399922686,6.105814785897826,2280.341480125044,79.92266709277615
491.9715208889095,235.5792778721966,31.95071537270897,176.86385034772573,42.904736094725486,16.755364462065696,2544.1165207923173,31.95071537270897
,184.3442608151709,55.102176937398006,204.92374639864684,33.61612668891525,,2175.358441826275,55.102176937398006
415.4207972013821,82.93187364790487,58.12872709005069,210.833383173146,49.41820507150694,9.686802113363823,2714.153847509813,58.12872709005069
369.0010591288341,118.207732558423,90.8184902504626,221.8394102214648,10.21844452505583,11.215617292564463,871.6892109277059,90.8184902504626
452.0951472722995,114.32336970000476,31.188824532045203,125.51727168680068,10.944104606603211,8.528787471817711,1675.9820192669715,31.188824532045203
,193.6266663879812,42.1748557433213,93.735628850539,27.52455351462764,16.78291692913991,2091.1869382129908,42.1748557433213
262.56301857838054,213.51625186325927,94.58653104799988,134.34032011592785,19.77929701612633,8.99823711102918,2820.073787173982,94.58653104799988
228.35907234220417,207.2403092538493,43.37319222161851,220.60745808235805,24.244991935815,11.15921046067424,1690.4336277491318,43.37319222161851
184.3315045570647,53.08760906598553,56.51694261258832,87.77524601330583,30.34208904802659,15.730150720710323,1982.5088987625047,56.51694261258832
300.6231204283771,289.9727021468794,93.46197234025774,122.8090585672543,57.33260015055512,6.113142575770468,2089.923866664454,93.46197234025774
,83.24212596938787,63.335948677707485,172.3668587746009,37.26178287236695,17.79394592248447,3133.757464795792,63.335948677707485
285.1573832725809,155.33114785690165,61.22429702959624,115.1739408927874,26.26068489162948,2.347692951283116,1563.077275794658,61.22429702959624
265.26355279164835,190.3461452026024,86.73803678693794,198.01900415143345,26.12341930581577,18.148210655564,2253.3235242088067,86.73803678693794
,118.68558489621589,24.34414823997741,180.96155830115788,41.34386907888082,8.136622080240127,1891.5986703572887,24.34414823997741
327.3361815081282,178.3327646438243,32.001970281547045,66.50283137360196,12.915400667098474,8.78650626087359,2709.574904213724,32.001970281547045
448.9678788817745,81.64419047958486,46.478213013671336,191.899098865716,51.63214838816095,0.5499491440852857,2513.0724231929853,46.478213013671336
386.4896376805102,74.82453399718537,63.01635511995143,156.00234636841267,34.982027689221965,7.726026413111535,2767.205480673783,63.01635511995143
354.76708144054595,194.56976828163613,67.05875667323932,71.97177252079706,25.455801172458862,4.800967344865579,2200.2370025918253,67.05875667323932
241.6331034673595,230.7930506912371,47.92212262792367,108.4557299464945,25.14320970540954,6.961768273132637,1978.2907444848024,47.92212262792367
271.68867813243526,151.91241785165946,56.36545044744757,237.55935476705943,27.568052161559223,9.3134451710556,1912.7940019932155,56.36545044744757
357.5613096408615,71.90916359582727,95.01815152944916,220.53939114420592,46.23558932740699,14.788958072364528,2058.34906497637,95.01815152944916
105.39390048280814,247.3344527485833,58.999788098373465,248.43168184561665,52.1896715656689,11.03801675700313,2322.4246936604427,58.999788098373465
,144.2583541091293,35.48771062137284,123.81564195416732,28.20298365866445,,1933.129459962801,35.48771062137284
405.1092833056022,142.10994497686983,63.26080979224336,160.46531491791632,30.034894193028112,4.522403055772188,2656.6849185463366,63.26080979224336
459.2870109518385,116.72174439617976,95.84347379565853,223.1450298195449,51.03219948553795,,3203.2326216601027,95.84347379565853
438.8563443262672,267.108078718185,37.09774404927735,58.4131757886459,24.74304272147183,18.99362509175656,3310.6761810525454,37.09774404927735
401.6169086461968,121.04375882947788,83.89089742912205,144.06805521087605,37.24140041331718,6.323994826183768,3177.45581819801,83.89089742912205
,72.74186983358976,79.3103332089569,201.62134117742207,26.61197041984235,18.28104126028648,1712.8016483170743,79.3103332089569
,255.0792227824395,86.82349172541633,149.87928576905847,18.131646011492464,8.784694005595668,3109.5373994445854,86.82349172541633
,240.61416876903056,73.5827948102802,114.07593345297845,51.51357857115384,10.01143968071752,2537.966434265684,73.5827948102802
430.6505618820981,57.1512264895901,39.4598795449092,234.7521564052871,59.04275660015816,,3447.3026698076224,39.4598795449092
141.29383014942994,254.7557618226276,58.449131239685016,195.0592369904216,21.044870680210664,,2066.204617256144,58.449131239685016
467.9065017353431,86.4037266576052,83.609498067943,88.60690182320127,29.515128742369203,9.445937198604565,1415.2602514374282,83.609498067943
290.19544417189815,176.9305358879913,29.773593747836728,158.06702591946777,25.01802151889392,8.058784732392306,2145.615042972024,29.773593747836728
335.8412692041354,238.19223139920567,29.63345160387766,140.68457159354102,18.09225125056787,9.720397757388934,1956.1879533199235,29.63345160387766
107.04855323655744,82.31252468187216,30.35372599631944,163.43679955810617,19.859453258774977,11.689787641160592,627.4360743534995,30.35372599631944
455.1844391327791,188.67368624933363,80.89630308947686,241.22001147139892,11.953992653558764,14.456518434348776,3166.407260683022,80.89630308947686
340.8577603817033,171.29566151757746,63.90085246552096,216.8500440359688,33.20324605739409,10.021149294970758,2059.288338447652,63.90085246552096
112.21182668985244,210.19165765005857,21.200827508729983,160.89167225162183,35.57521836700473,13.094431490115769,1354.591988104945,21.200827508729983
153.79714964240787,151.76228714126813,38.23900189520077,208.1629069184144,39.905640005463496,18.191798661354703,1975.7264482052544,38.23900189520077
173.17117162028802,259.11903185374433,97.8266063019552,240.00419426806425,52.31544785778977,11.906548061323925,3007.643413737883,97.8266063019552
396.838869182024,202.22961583705984,94.78363269916063,81.27006718963526,31.36963835589888,,2594.523925270339,94.78363269916063
431.6449650439737,57.64691941617812,62.885489855013375,53.76149416717684,46.14937378370106,2.4054458745496614,3476.7962355672694,62.885489855013375
,235.46664182471807,27.262383531075187,91.37142520065213,13.934624389351228,-3.153650684145317,2093.356160741748,27.262383531075187
128.2496043489657,135.81583386467696,56.90385616378286,79.2430156590666,30.84045978614512,11.941878646150842,266.836109035881,56.90385616378286
277.29484279442806,218.70248394382628,60.17499935725678,201.60457393659087,30.357990974594493,9.525878843595638,1974.568768410044,60.17499935725678
271.35492421204003,106.63171857834983,91.56210400346956,57.87460489736006,42.2537669561495,7.42608662542629,1929.751296775199,91.56210400346956
388.0083625358864,267.28158482041255,47.45759162205648,210.61485910931432,57.400532401114624,,3763.518593722647,47.45759162205648
192.2028267232253,57.54473873036383,34.23174715198196,59.71403792763354,58.41281173135057,,694.2904648902459,34.23174715198196
,186.55261465409012,69.56639939939501,51.03614120680979,38.83324279234013,15.638901253169491,4449.549456566949,69.56639939939501
370.52830543830254,240.987384163384,37.9510519259738,107.65543885079026,55.77173109513811,,3623.3711100463447,37.9510519259738
329.8254245534333,281.62581316749686,22.841867687935064,53.77125364163561,29.657652222993043,6.265383574649162,2712.563526959356,22.841867687935064
296.955848526218,257.56052372811484,83.69868326978488,136.09204408657928,15.951349718017129,14.950831194796445,2812.787671856968,83.69868326978488
403.036107033968,170.05651286099558,58.133629504420696,198.091643364782,15.854259174063891,8.914344625268988,3632.024259679352,58.133629504420696
454.0652701043186,215.7492058921784,77.02896335323396,162.60082286687583,27.04772949338838,12.632683418361536,3324.985998351316,77.02896335323396
255.75198302334687,92.77915852934764,36.57164647729285,131.2878129242428,49.43840842635345,7.612946469035998,2925.308538850427,36.57164647729285
384.5477787038977,192.2781190845485,53.7925307295074,235.383687594597,16.850158432056396,,2326.2813446015725,53.7925307295074
267.5047114309551,237.8214318530925,49.2334065959757,125.5313470765508,15.695328234339591,10.420841150928482,1859.1016387069185,49.2334065959757
438.2549138903191,145.7137533489925,36.16686723072847,53.7644326475411,50.16732075235207,10.064143217718426,2852.199593675225,36.16686723072847
307.543959258073,123.30569577863857,68.3223621870036,211.97847004325448,23.128695711466136,12.399135176834164,1461.1250378377006,68.3223621870036
